uniprot	gene	protein_name	chosen_pdb	vendor	catalog	construct	conjugation	species	macs_ready	url	notes	aa_start	aa_end	aa_len	html_cache
P10636	MAPT	Microtubule-associated protein tau	8CAQ	Sino Biological	T08-54N	Full Length	None	Human	False	https://www.sinobiological.com/recombinant-proteins/human-tau-t08-54n-scb	host=E. coli; gene=441				
P10636	MAPT	Microtubule-associated protein tau	8CAQ	Sino Biological	T08-50FN	Full Length	None	Human	False	https://www.sinobiological.com/recombinant-proteins/human-tau-t08-50fn-scb	host=E. coli; gene=441				
P10636	MAPT	Microtubule-associated protein tau	8CAQ	Sino Biological	T08-54BN	Full Length	None	Human	False	https://www.sinobiological.com/recombinant-proteins/human-tau-t08-54bn-scb	host=E. coli; gene=441				
P10636	MAPT	Microtubule-associated protein tau	8CAQ	Sino Biological	T08-50RN	Full Length	None	Human	False	https://www.sinobiological.com/recombinant-proteins/human-tau-t08-50rn-scb	host=E. coli; gene=441				
P10636	MAPT	Microtubule-associated protein tau	8CAQ	Sino Biological	10058-H07E	Ala2-Leu352, tags: His	None	Human	False	https://www.sinobiological.com/recombinant-proteins/human-tau-10058-h07e	host=E. coli	2	352	351	
P10636	MAPT	Microtubule-associated protein tau	8CAQ	Sino Biological	T08-56VN	Full Length A152T	None	Human	False	https://www.sinobiological.com/recombinant-proteins/human-tau-t08-56vn-scb	host=E. coli; gene=441				
P10636	MAPT	Microtubule-associated protein tau	8CAQ	Sino Biological	30132-H07E	Ala2-Leu441, tags: His	None	Human	False	https://www.sinobiological.com/recombinant-proteins/human-tau-30132-h07e	host=E. coli; gene=2N4R	2	441	440	
P10636	MAPT	Microtubule-associated protein tau	8CAQ	Sino Biological	T07-54BH	1-412, tags: His	None	Human	False	https://www.sinobiological.com/recombinant-proteins/human-tau-t07-54bh-scb	host=E. coli; gene=412	1	412	412	
P10636	MAPT	Microtubule-associated protein tau	8CAQ	Sino Biological	T08-54B2N	Full Length, tags: Avi	AviTag	Human	False	https://www.sinobiological.com/recombinant-proteins/human-tau-t08-54b2n-scb	host=E. coli; gene=441				
P10636	MAPT	Microtubule-associated protein tau	8CAQ	Sino Biological	T08-50CN	Full Length	None	Human	False	https://www.sinobiological.com/recombinant-proteins/human-tau-t08-50cn-scb	host=E. coli; gene=441				
P10636	MAPT	Microtubule-associated protein tau	8CAQ	Sino Biological	T08-55FN	151-391	None	Human	False	https://www.sinobiological.com/recombinant-proteins/human-tau-t08-55fn-scb	host=E. coli; gene=441	151	391	241	
P10636	MAPT	Microtubule-associated protein tau	8CAQ	Sino Biological	T08-56DN	Full Length G272V	None	Human	False	https://www.sinobiological.com/recombinant-proteins/human-tau-t08-56dn-scb	host=E. coli; gene=441				
P10636	MAPT	Microtubule-associated protein tau	8CAQ	Sino Biological	T08-56KN	Full Length S352L	None	Human	False	https://www.sinobiological.com/recombinant-proteins/human-tau-t08-56kn-scb	host=E. coli; gene=441				
P10636	MAPT	Microtubule-associated protein tau	8CAQ	Sino Biological	T08-55LNB	216-391, tags: Avi	AviTag	Human	False	https://www.sinobiological.com/recombinant-proteins/human-tau-t08-55lnb-scb	host=E. coli; gene=441	216	391	176	
P10636	MAPT	Microtubule-associated protein tau	8CAQ	Sino Biological	T03-54N	Full Length	None	Human	False	https://www.sinobiological.com/recombinant-proteins/human-tau-t03-54n-scb	host=E. coli; gene=352				
P10636	MAPT	Microtubule-associated protein tau	8CAQ	Sino Biological	T06-54N	Full Length	None	Human	False	https://www.sinobiological.com/recombinant-proteins/human-tau-t06-54n-scb	host=E. coli; gene=410				
P10636	MAPT	Microtubule-associated protein tau	8CAQ	Sino Biological	T08-54H	Full Length, tags: His	None	Human	False	https://www.sinobiological.com/recombinant-proteins/human-tau-t08-54h-scb	host=E. coli; gene=441				
P10636	MAPT	Microtubule-associated protein tau	8CAQ	Sino Biological	T08-50RNB	Full Length	None	Human	False	https://www.sinobiological.com/recombinant-proteins/human-tau-t08-50rnb-scb	host=E. coli; gene=441				
P10636	MAPT	Microtubule-associated protein tau	8CAQ	Sino Biological	T08-55N	244-372	None	Human	False	https://www.sinobiological.com/recombinant-proteins/human-tau-t08-55n-scb	host=E. coli; gene=441	244	372	129	
P10636	MAPT	Microtubule-associated protein tau	8CAQ	Sino Biological	T08-56GN	Full Length P301S	None	Human	False	https://www.sinobiological.com/recombinant-proteins/human-tau-t08-56gn-scb	host=E. coli; gene=441				
P10636	MAPT	Microtubule-associated protein tau	8CAQ	ACROBiosystems	TAU-H5117	Tau	None	Human	False	https://jp.acrobiosystems.com/P5091-Human-Tau-441--2N4R-Protein-Tag-Free-low-endotoxin-%28MALS-verified%29.html	host=E. coli; gene=2N4R				/Users/inagakit/Documents/UCIrvine/ChangLiu/Scripts/initbinder/cache/target_generation/vendor_pages/f0a6d04301eb4e1b4d3a.html
P10636	MAPT	Microtubule-associated protein tau	8CAQ	ACROBiosystems	TAU-H51H3	tags: His	None	Human	False	https://jp.acrobiosystems.com/P2755-Human-Tau-441--2N4R-Protein-His-Tag.html	host=E. coli; gene=2N4R				/Users/inagakit/Documents/UCIrvine/ChangLiu/Scripts/initbinder/cache/target_generation/vendor_pages/ca5b679073721b995bc8.html
P10636	MAPT	Microtubule-associated protein tau	8CAQ	ACROBiosystems	TAU-H5113	Tau	None	Human	False	https://jp.acrobiosystems.com/P7418-Human-Tau-441-K18%C2%A0%28P301L%29-Pre-formed-Fibrils-Protein-Tag-Free.html	host=E. coli				/Users/inagakit/Documents/UCIrvine/ChangLiu/Scripts/initbinder/cache/target_generation/vendor_pages/78876b5e477b8417549a.html
P10636	MAPT	Microtubule-associated protein tau	8CAQ	ACROBiosystems	TAU-H5115	Tau	None	Human	False	https://jp.acrobiosystems.com/P5090-Human-Tau-441--2N4R-Pre-formed-Fibrils-Protein-Tag-Free.html	host=E. coli				/Users/inagakit/Documents/UCIrvine/ChangLiu/Scripts/initbinder/cache/target_generation/vendor_pages/077ae399254a24c0ede7.html
P10636	MAPT	Microtubule-associated protein tau	8CAQ	ACROBiosystems	TAU-H5112	Tau	None	Human	False	https://jp.acrobiosystems.com/P8452-Human-Tau-381--1N3R-Protein-Tag-Free-%28MALS-verified%29.html	host=E. coli; gene=1N3R				/Users/inagakit/Documents/UCIrvine/ChangLiu/Scripts/initbinder/cache/target_generation/vendor_pages/bdf9fc84dfbe1349f6b9.html
P10636	MAPT	Microtubule-associated protein tau	8CAQ	ACROBiosystems	TAU-H5114	Tau	None	Human	False	https://jp.acrobiosystems.com/P7963-Human-Tau-Protein-Tag-Free-low-endotoxin-%28MALS-verified%29.html	host=E. coli				/Users/inagakit/Documents/UCIrvine/ChangLiu/Scripts/initbinder/cache/target_generation/vendor_pages/72fd18e921b00327d0ef.html
P10636	MAPT	Microtubule-associated protein tau	8CAQ	ACROBiosystems	TAU-H51H5	tags: His	None	Human	False	https://jp.acrobiosystems.com/P3890-Human-Tau-441--2N4R-%28273-380%29-Protein-His-Tag-%28MALS-verified%29.html	host=E. coli				/Users/inagakit/Documents/UCIrvine/ChangLiu/Scripts/initbinder/cache/target_generation/vendor_pages/7d2e8949b10a443a81f2.html
P10636	MAPT	Microtubule-associated protein tau	8CAQ	ACROBiosystems	TAU-H51H4	tags: His	None	Human	False	https://jp.acrobiosystems.com/P3895-Human-Tau-441--2N4R-%28241-380%29-Protein-His-Tag-%28MALS-verified%29.html	host=E. coli				/Users/inagakit/Documents/UCIrvine/ChangLiu/Scripts/initbinder/cache/target_generation/vendor_pages/81cd92090f389167b970.html
P10636	MAPT	Microtubule-associated protein tau	8CAQ	ACROBiosystems	TAU-H5147	tags: His	None	Human	False	https://jp.acrobiosystems.com/P6752-Human-Tau-441-GSK-3beta-phosphorylated-protein-His-Tag.html	host=E. coli				/Users/inagakit/Documents/UCIrvine/ChangLiu/Scripts/initbinder/cache/target_generation/vendor_pages/4c55e1c63237afff646e.html
P10636	MAPT	Microtubule-associated protein tau	8CAQ	ACROBiosystems	TAU-H5143	tags: His	None	Human	False	https://jp.acrobiosystems.com/P4998-Human-Tau-410--2N3R-Protein-His-Tag-low-endotoxin-%28MALS-verified%29.html	host=E. coli; gene=2N3R				/Users/inagakit/Documents/UCIrvine/ChangLiu/Scripts/initbinder/cache/target_generation/vendor_pages/813f93ccee6ee4b70528.html
P10636	MAPT	Microtubule-associated protein tau	8CAQ	ACROBiosystems	TAU-H5144	tags: His	None	Human	False	https://jp.acrobiosystems.com/P5000-Human-Tau-441--2N4R-%28P301L%29-Protein-His-Tag.html	host=E. coli				/Users/inagakit/Documents/UCIrvine/ChangLiu/Scripts/initbinder/cache/target_generation/vendor_pages/9db83976a8847d33bff3.html
P10636	MAPT	Microtubule-associated protein tau	8CAQ	ACROBiosystems	TAU-H5145	tags: His	None	Human	False	https://jp.acrobiosystems.com/P5001-Human-Tau-441--2N4R-%28P301S%29-Protein-His-Tag-%28MALS-verified%29.html	host=E. coli				/Users/inagakit/Documents/UCIrvine/ChangLiu/Scripts/initbinder/cache/target_generation/vendor_pages/e041af1469b775bd49db.html
P10636	MAPT	Microtubule-associated protein tau	8CAQ	ACROBiosystems	TAU-H5119	Tau	None	Human	False	https://jp.acrobiosystems.com/P8368-Human-Tau-412--1N4R-Protein-Tag-Free-low-Endotoxin-%28MALS-verified%29.html	host=E. coli; gene=1N4R				/Users/inagakit/Documents/UCIrvine/ChangLiu/Scripts/initbinder/cache/target_generation/vendor_pages/01eed70b2cd8ce72b433.html
P10636	MAPT	Microtubule-associated protein tau	8CAQ	ACROBiosystems	TAU-H5118	Tau	None	Human	False	https://jp.acrobiosystems.com/P5816-Human-Tau-441%C2%A0%28K18-P301L%29-Protein-Tag-Free-low-endotoxin-%28MALS-verified%29.html	host=E. coli				/Users/inagakit/Documents/UCIrvine/ChangLiu/Scripts/initbinder/cache/target_generation/vendor_pages/e37e0318490fc214d394.html
P10636	MAPT	Microtubule-associated protein tau	8CAQ	ACROBiosystems	TAU-H5116	Tau	None	Human	False	https://jp.acrobiosystems.com/P7884-Human-Tau-441-K18-Pre-formed-Fibrils-Protein-Tag-Free.html	host=E. coli				/Users/inagakit/Documents/UCIrvine/ChangLiu/Scripts/initbinder/cache/target_generation/vendor_pages/6fd1577afe6dcec3d5f9.html
P02649	APOE	Apolipoprotein E	8AX9	Sino Biological	10817-H30E	Lys19-His317	None	Human	False	https://www.sinobiological.com/recombinant-proteins/human-apolipoprotein-e-10817-h30e	host=E. coli; gene=APOE	19	317	299	
P02649	APOE	Apolipoprotein E	8AX9	Sino Biological	10817-H30E-B	Lys19-His317	None	Human	False	https://www.sinobiological.com/recombinant-proteins/human-apolipoprotein-e-10817-h30e-b	host=E. coli; gene=APOE	19	317	299	
P02649	APOE	Apolipoprotein E	8AX9	Sino Biological	10817-HNAH	Met1-His317	None	Human	False	https://www.sinobiological.com/recombinant-proteins/human-apolipoprotein-e-10817-hnah	host=HEK293 Cells; gene=APOE	1	317	317	
P02649	APOE	Apolipoprotein E	8AX9	ACROBiosystems	APE-H52H9	tags: His	None	Human	False	https://jp.acrobiosystems.com/P5385-Human-Apolipoprotein-E--APOE4-Protein-His-Tag-%28MALS-verified%29.html	host=HEK293; gene=APOE4				/Users/inagakit/Documents/UCIrvine/ChangLiu/Scripts/initbinder/cache/target_generation/vendor_pages/b49756308730365000aa.html
P02649	APOE	Apolipoprotein E	8AX9	ACROBiosystems	APE-H5216	Apolipoprotein E	None	Human	False	https://jp.acrobiosystems.com/P6878-Human-Apolipoprotein-E--APOE3-Protein-Tag-Free-%28MALS-verified%29.html	host=HEK293; gene=APOE3				/Users/inagakit/Documents/UCIrvine/ChangLiu/Scripts/initbinder/cache/target_generation/vendor_pages/c69868a497a34a6c2c2b.html
P02649	APOE	Apolipoprotein E	8AX9	ACROBiosystems	APE-H5215	Apolipoprotein E	None	Human	False	https://jp.acrobiosystems.com/P5904-Human-Apolipoprotein-E--APOE4-Protein-Tag-Free-%28MALS-verified%29.html	host=HEK293; gene=APOE4				/Users/inagakit/Documents/UCIrvine/ChangLiu/Scripts/initbinder/cache/target_generation/vendor_pages/8132e97ce86d05f341a6.html
P02649	APOE	Apolipoprotein E	8AX9	ACROBiosystems	APE-H5246	tags: His	None	Human	False	https://jp.acrobiosystems.com/P3040-Human-Apolipoprotein-E--APOE3--Protein-His-Tag.html	host=HEK293; gene=APOE3				/Users/inagakit/Documents/UCIrvine/ChangLiu/Scripts/initbinder/cache/target_generation/vendor_pages/2172c784ddcd100887ba.html
P02649	APOE	Apolipoprotein E	8AX9	ACROBiosystems	APE-H52H6	tags: His	None	Human	False	https://jp.acrobiosystems.com/P5386-Human-Apolipoprotein-E--APOE2-Protein-His-Tag-%28SPR-verified%29.html	host=HEK293; gene=APOE2				/Users/inagakit/Documents/UCIrvine/ChangLiu/Scripts/initbinder/cache/target_generation/vendor_pages/ce9b38d9e293a030d6b7.html
P02649	APOE	Apolipoprotein E	8AX9	ACROBiosystems	APE-H52E3	tags: Biotin,His	Biotin	Human	True	https://jp.acrobiosystems.com/P4810-Biotinylated-Human-Apolipoprotein-E--APOE3-Protein-HisAvitag%E2%84%A2-%28MALS-verified%29.html	host=HEK293; gene=APOE3				/Users/inagakit/Documents/UCIrvine/ChangLiu/Scripts/initbinder/cache/target_generation/vendor_pages/b806606db63a121d8873.html
P02649	APOE	Apolipoprotein E	8AX9	ACROBiosystems	APE-H5256	tags: His	None	Human	False	https://jp.acrobiosystems.com/P4043-Human-Apolipoprotein-E--APOE2-%28R154S%29-Protein-His-Tag.html	host=HEK293				/Users/inagakit/Documents/UCIrvine/ChangLiu/Scripts/initbinder/cache/target_generation/vendor_pages/b7ad3b2ec3f4170d2ed4.html
P02649	APOE	Apolipoprotein E	8AX9	ACROBiosystems	APE-H52E7	tags: Biotin,His	Biotin	Human	True	https://jp.acrobiosystems.com/P4811-Biotinylated-Human-Apolipoprotein-E--APOE4-Protein-HisAvitag%E2%84%A2-%28MALS-verified%29.html	host=HEK293; gene=APOE4				/Users/inagakit/Documents/UCIrvine/ChangLiu/Scripts/initbinder/cache/target_generation/vendor_pages/39f0061385a78344d19f.html
P02649	APOE	Apolipoprotein E	8AX9	ACROBiosystems	APE-H52E4	tags: Biotin,His	Biotin	Human	True	https://jp.acrobiosystems.com/P4812-Biotinylated-Human-Apolipoprotein-E--APOE3-%28R154S%29-Protein-HisAvitag%E2%84%A2-%28MALS-verified%29.html	host=HEK293				/Users/inagakit/Documents/UCIrvine/ChangLiu/Scripts/initbinder/cache/target_generation/vendor_pages/cca7935e30f44df68ec6.html
P02649	APOE	Apolipoprotein E	8AX9	ACROBiosystems	APE-H52E5	tags: Biotin,His	Biotin	Human	True	https://jp.acrobiosystems.com/P4813-Biotinylated-Human-Apolipoprotein-E--APOE2-Protein-HisAvitag%E2%84%A2-%28MALS-verified%29.html	host=HEK293; gene=APOE2				/Users/inagakit/Documents/UCIrvine/ChangLiu/Scripts/initbinder/cache/target_generation/vendor_pages/45ba264a246dfa457193.html
P02649	APOE	Apolipoprotein E	8AX9	ACROBiosystems	AP2-H52H9	tags: His	None	Human	False	https://jp.acrobiosystems.com/P4744-Human-Amyloid-like-protein-2--APLP2-Protein-His-Tag-%28MALS-verified%29.html	host=HEK293; gene=APLP2				/Users/inagakit/Documents/UCIrvine/ChangLiu/Scripts/initbinder/cache/target_generation/vendor_pages/846531924c86a354a8e2.html
P56817	BACE1	Beta-secretase 1	6EJ2	Sino Biological	10064-H02H	Met1-Thr457, tags: Fc	None	Human	False	https://www.sinobiological.com/recombinant-proteins/human-bace1-10064-h02h	host=HEK293 Cells; gene=BACE1	1	457	457	
P56817	BACE1	Beta-secretase 1	6EJ2	Sino Biological	10064-HCCH	Met1-Thr457	None	Human	False	https://www.sinobiological.com/recombinant-proteins/human-bace1-10064-hcch	host=HEK293 Cells; gene=BACE1	1	457	457	
P56817	BACE1	Beta-secretase 1	6EJ2	Sino Biological	50002-M08H	Sequence Met1-Thr457, tags: His	None	human	False	https://www.sinobiological.com/recombinant-proteins/mouse-bace1-50002-m08h	host=Expression Host HEK293 Cells	1	457	457	
P56817	BACE1	Beta-secretase 1	6EJ2	Sino Biological	10064-H08H	Met1-Thr457, tags: His	None	Human	False	https://www.sinobiological.com/recombinant-proteins/human-bace1-10064-h08h	host=HEK293 Cells; gene=BACE1	1	457	457	
P56817	BACE1	Beta-secretase 1	6EJ2	ACROBiosystems	BA1-H5220	tags: His	None	Human	False	https://jp.acrobiosystems.com/P232-Human-BACE-1-Protein-His-Tag-%28active-enzyme-MALS-verified%29.html	host=HEK293; gene=BACE-1				/Users/inagakit/Documents/UCIrvine/ChangLiu/Scripts/initbinder/cache/target_generation/vendor_pages/31d70965b79d1cb0f42a.html
P56817	BACE1	Beta-secretase 1	6EJ2	ACROBiosystems	BA1-H5261	tags: Fc	None	Human	False	https://jp.acrobiosystems.com/P233-Human-BACE-1-Protein-Fc-Tag.html	host=HEK293; gene=BACE-1				/Users/inagakit/Documents/UCIrvine/ChangLiu/Scripts/initbinder/cache/target_generation/vendor_pages/abbaf925ed52b77fce58.html
P56817	BACE1	Beta-secretase 1	6EJ2	ACROBiosystems	BA1-H5213	BACE-1	None	Human	False	https://jp.acrobiosystems.com/P234-Human-BACE-1-Protein-Tag-Free-%28active-enzyme-MALS-verified%29.html	host=HEK293; gene=BACE-1				/Users/inagakit/Documents/UCIrvine/ChangLiu/Scripts/initbinder/cache/target_generation/vendor_pages/7b1320638fd362f33a29.html
