uniprot	gene	protein_name	chosen_pdb	vendor	catalog	construct	conjugation	species	macs_ready	url	notes
Q9NZQ7	CD274	Programmed cell death 1 ligand 1	5O45	Sino Biological	10084-H08H	Met1-Thr239, tags: His	None	Human	False	https://www.sinobiological.com/recombinant-proteins/human-pd-l1-10084-h08h	host=HEK293 Cells; gene=PD
Q9NZQ7	CD274	Programmed cell death 1 ligand 1	5O45	Sino Biological	50010-M08H	Sequence Met1-Thr238, tags: His	None	human	False	https://www.sinobiological.com/recombinant-proteins/mouse-pd-l1-50010-m08h	host=Expression Host HEK293 Cells
Q9NZQ7	CD274	Programmed cell death 1 ligand 1	5O45	Sino Biological	10084-H02H	Met1-Thr239, tags: Fc	None	Human	False	https://www.sinobiological.com/recombinant-proteins/human-pd-l1-10084-h02h	host=HEK293 Cells; gene=PD
Q9NZQ7	CD274	Programmed cell death 1 ligand 1	5O45	Sino Biological	10084-H86H- SD	Met1-Thr239, tags: His	None	Human	False	https://www.sinobiological.com/recombinant-proteins/human-pd-l1-10084-h86h-sd	host=HEK293 Cells; gene=PD
Q9NZQ7	CD274	Programmed cell death 1 ligand 1	5O45	Sino Biological	10084-H86H-SD	Sequence Met1-Thr239, tags: His	None	human	False	https://www.sinobiological.com/recombinant-proteins/human-pd-l1-10084-h86h-sd	host=Expression Host HEK293 Cells
Q9NZQ7	CD274	Programmed cell death 1 ligand 1	5O45	Sino Biological	90251-C08H	Sequence Met1-Thr239, tags: His	None	human	False	https://www.sinobiological.com/recombinant-proteins/cynomolgus-pd-l1-90251-c08h	host=Expression Host HEK293 Cells
Q9NZQ7	CD274	Programmed cell death 1 ligand 1	5O45	Sino Biological	10084-HNAH	Met1-Arg238	None	Human	False	https://www.sinobiological.com/recombinant-proteins/human-pd-l1-10084-hnah	host=HEK293 Cells; gene=PD
Q9NZQ7	CD274	Programmed cell death 1 ligand 1	5O45	Sino Biological	90251-C02H	Sequence Met1-Thr239, tags: Fc	None	human	False	https://www.sinobiological.com/recombinant-proteins/cynomolgus-pd-l1-90251-c02h	host=Expression Host HEK293 Cells
Q9NZQ7	CD274	Programmed cell death 1 ligand 1	5O45	Sino Biological	50010-M02H	Sequence Met1-His239, tags: Fc	None	human	False	https://www.sinobiological.com/recombinant-proteins/mouse-pd-l1-50010-m02h	host=Expression Host HEK293 Cells
Q9NZQ7	CD274	Programmed cell death 1 ligand 1	5O45	Sino Biological	10084-H02H-B	Met1-Thr239, tags: Fc	None	Human	False	https://www.sinobiological.com/recombinant-proteins/human-pd-l1-10084-h02h-b	host=HEK293 Cells; gene=PD
Q9NZQ7	CD274	Programmed cell death 1 ligand 1	5O45	Sino Biological	50010-M03H	Sequence Met1-Thr238	None	human	False	https://www.sinobiological.com/recombinant-proteins/mouse-pd-l1-50010-m03h	host=Expression Host HEK293 Cells
Q9NZQ7	CD274	Programmed cell death 1 ligand 1	5O45	Sino Biological	10084-H08H-B	Met1-Thr239, tags: His	None	Human	False	https://www.sinobiological.com/recombinant-proteins/human-pd-l1-10084-h08h-b	host=HEK293 Cells; gene=PD
Q9NZQ7	CD274	Programmed cell death 1 ligand 1	5O45	Sino Biological	70110-D02H	Sequence Met1-Arg236, tags: Fc	None	human	False	https://www.sinobiological.com/recombinant-proteins/canine-pd-l1-70110-d02h	host=Expression Host HEK293 Cells
Q9NZQ7	CD274	Programmed cell death 1 ligand 1	5O45	Sino Biological	80450-R02H	Sequence Met1-Thr238, tags: Fc	None	human	False	https://www.sinobiological.com/recombinant-proteins/rat-pd-l1-80450-r02h	host=Expression Host HEK293 Cells
Q9NZQ7	CD274	Programmed cell death 1 ligand 1	5O45	Sino Biological	50010-M08H-B	Sequence Met1-Thr238, tags: His	None	human	False	https://www.sinobiological.com/recombinant-proteins/mouse-pd-l1-50010-m08h-b	host=Expression Host HEK293 Cells
Q9NZQ7	CD274	Programmed cell death 1 ligand 1	5O45	Sino Biological	50010-M41H-B	Sequence Met1-Thr238	None	human	False	https://www.sinobiological.com/recombinant-proteins/mouse-pd-l1-50010-m41h-b	host=Expression Host HEK293 Cells
Q9NZQ7	CD274	Programmed cell death 1 ligand 1	5O45	Sino Biological	90251-C08H-B	Sequence Met1-Thr239, tags: His	None	human	False	https://www.sinobiological.com/recombinant-proteins/cynomolgus-pd-l1-90251-c08h-b	host=Expression Host HEK293 Cells
Q9NZQ7	CD274	Programmed cell death 1 ligand 1	5O45	Sino Biological	80450-R08H	Sequence Met1-Thr238, tags: His	None	human	False	https://www.sinobiological.com/recombinant-proteins/rat-pd-l1-80450-r08h	host=Expression Host HEK293 Cells
Q9NZQ7	CD274	Programmed cell death 1 ligand 1	5O45	Sino Biological	10084-H05H	Met1-Thr239, tags: Fc	None	Human	False	https://www.sinobiological.com/recombinant-proteins/human-pd-l1-10084-h05h	host=HEK293 Cells; gene=PD
Q9NZQ7	CD274	Programmed cell death 1 ligand 1	5O45	Sino Biological	10084-H41H-B	Met1-Thr239	None	Human	False	https://www.sinobiological.com/recombinant-proteins/human-pd-l1-10084-h41h-b	host=HEK293 Cells; gene=PD
Q9NZQ7	CD274	Programmed cell death 1 ligand 1	5O45	Sino Biological	10084-H49H-B	Met1-Thr239, tags: Avi,His	AviTag	Human	False	https://www.sinobiological.com/recombinant-proteins/human-pd-l1-10084-h49h-b	host=HEK293 Cells; gene=PD
Q9NZQ7	CD274	Programmed cell death 1 ligand 1	5O45	ACROBiosystems	PD1-H5258	tags: Fc	None	Human	False	https://jp.acrobiosystems.com/P550-Human-PD-L1--B7-H1-Protein-Fc-Tag-%28MALS-verified%29.html	host=HEK293; gene=B7-H1
Q9NZQ7	CD274	Programmed cell death 1 ligand 1	5O45	ACROBiosystems	PDL-H82F2	tags: Biotin,Fc	Biotin	Human	True	https://jp.acrobiosystems.com/P2428-Biotinylated-Human-PD-L1--B7-H1-Protein-FcAvitag%E2%84%A2-%28MALS-verified%29.html	host=HEK293; gene=B7-H1
Q9NZQ7	CD274	Programmed cell death 1 ligand 1	5O45	ACROBiosystems	PD1-H5282	PD-L1	None	Human	False	https://jp.acrobiosystems.com/P773-Human-PD-L1--B7-H1-Protein-Twin-Strep%C2%A0Tag-%28HPLC-verified%29.html	host=HEK293; gene=B7-H1
Q9NZQ7	CD274	Programmed cell death 1 ligand 1	5O45	ACROBiosystems	PD1-H82A3	tags: Biotin,Fc	Biotin	Human	True	https://jp.acrobiosystems.com/P3908-Biotinylated-Human-PD-L1--B7-H1-Protein-Mouse-IgG2a-FcAvitag%E2%84%A2-%28MALS-verified%29.html	host=HEK293; gene=B7-H1
Q9NZQ7	CD274	Programmed cell death 1 ligand 1	5O45	ACROBiosystems	PD1-H5223	tags: His	None	Human	False	https://jp.acrobiosystems.com/P8533-Human-PD-L1--B7-H1-Protein-His-Tag-Ultra-Low-Endotoxin-%28MALS-verified%29.html	host=HEK293; gene=B7-H1
Q9NZQ7	CD274	Programmed cell death 1 ligand 1	5O45	ACROBiosystems	PDL-H5250	tags: Fc	None	Human	False	https://jp.acrobiosystems.com/P2521-Human-PD-L1--B7-H1-Protein-Llama-IgG2b-Fc-Tag-low-endotoxin-%28MALS-verified%29.html	host=HEK293; gene=B7-H1
Q9NZQ7	CD274	Programmed cell death 1 ligand 1	5O45	ACROBiosystems	PD1-H82E5	tags: Biotin,His	Biotin	Human	True	https://jp.acrobiosystems.com/P2092-Biotinylated-Human-PD-L1--B7-H1-Protein-Avitag%E2%84%A2His-Tag-%28MALS-verified%29.html	host=HEK293; gene=B7-H1
Q9NZQ7	CD274	Programmed cell death 1 ligand 1	5O45	ACROBiosystems	PD1-H5229	tags: His	None	Human	False	https://jp.acrobiosystems.com/P430-Human-PD-L1--B7-H1-Protein-His-Tag-%28MALS-verified%29.html	host=HEK293; gene=B7-H1
Q9NZQ7	CD274	Programmed cell death 1 ligand 1	5O45	ACROBiosystems	PDL-H82E4	tags: Biotin,His	Biotin	Human	True	https://jp.acrobiosystems.com/P3028-Biotinylated-Human-PD-L1--B7-H1-%2819-134%29-Protein-HisAvitag%E2%84%A2-%28recommended-for-biopanning%29-%28MALS-verified%29.html	host=HEK293; gene=PD-L1
Q9NZQ7	CD274	Programmed cell death 1 ligand 1	5O45	ACROBiosystems	PD1-H5213	PD-L1	None	Human	False	https://jp.acrobiosystems.com/P7193-Human-PD-L1--B7-H1-Protein-Tag-Free-%28MALS-verified%29.html	host=HEK293; gene=B7-H1
Q9NZQ7	CD274	Programmed cell death 1 ligand 1	5O45	ACROBiosystems	PD1-HP2H3	tags: His	None	Human	False	https://jp.acrobiosystems.com/P8018-PE-Labeled%C2%A0Human-PD-L1--B7-H1-%2819-238%29-Protein-His-TagStar-Staining.html	host=HEK293; gene=PD-L1
Q9NZQ7	CD274	Programmed cell death 1 ligand 1	5O45	ACROBiosystems	PD1-H52H3	tags: His	None	Human	False	https://jp.acrobiosystems.com/P3687-Human-PD-L1--B7-H1-%2819-134%29-Protein-His-Tag-%28MALS-verified%29.html	host=HEK293; gene=PD-L1
Q9NZQ7	CD274	Programmed cell death 1 ligand 1	5O45	ACROBiosystems	PD1-H82F3	tags: Biotin,Fc,His	Biotin	Human	True	https://jp.acrobiosystems.com/P1396-Biotinylated-Human-PD-L1--B7-H1-Protein-FcAvitag%E2%84%A2His-Tag-%28MALS-verified%29.html	host=HEK293; gene=B7-H1
Q9NZQ7	CD274	Programmed cell death 1 ligand 1	5O45	ACROBiosystems	PD1-H52A3	tags: Fc	None	Human	False	https://jp.acrobiosystems.com/P1694-Human-PD-L1--B7-H1-Protein-Mouse-IgG1-Fc-Tag-low-endotoxin-%28MALS-verified%29.html	host=HEK293; gene=B7-H1
