rank	selection	uniprot	gene	protein_name	organism	chosen_pdb	matched_chain	resolution_A	method	pdb_release_date	identity	coverage	pdb_vendor_intersection	vendor_accession	vendor_range	pdb_map_uniprot_range	antigen_catalog	antigen_url	biotinylated	molecular_weight_kda	product_form	expression_host	tags	quantity_ug	concentration_mg_per_ml	price_usd	pack_size	buffer	reconstitution	storage_temp	purity_percent	endotoxin_eu_per_mg	validating_assays
1	any	Q9BYF1	ACE2	Angiotensin-converting enzyme 2	Homo sapiens	8XSF	A	2.16	ELECTRON MICROSCOPY	2024-07-17	1.000	1.000	1-740	NP_068576.1	1-740	1-740	10108-H27B-B	https://www.sinobiological.com/search?keywords=10108-H27B-B	True	86.86	Lyophilized	Baculovirus-Insect Cells	His & AVI Tag					Lyophilized from sterile 20mM PB, 150mM NaCl, pH 7.0, 5% glycerol	To find reconstitution info, click on 'COA' at the top of the page, enter the lot number and product size for the lot-specific COA.	-20℃ to -80℃	90.0	1000.0	SDS-PAGE, HABA assay, ELISA binding to 2019-nCoV Spike Protein, BLI assay (Sartorius Octet RED384)
2	any	Q13705	ACVR2B	Activin receptor type-2B	Homo sapiens	7MRZ	C	3.00	X-RAY DIFFRACTION	2022-01-19	1.000	0.866	19-134	NP_001097.2	1-134	19-134	10229-H08H-B	https://www.sinobiological.com/search?keywords=10229-H08H-B	True	14.77	Lyophilized from sterile PBS, pH 7.4.	HEK293 Cells	His Tag					PBS, pH 7.4. Normally 5% - 8% trehalose, mannitol and 0.01% Tween80 are added as protectants before lyophilization.	To find reconstitution info, click on 'COA' at the top of the page, enter the lot number and product size for the lot-specific COA.	-20℃ to -80℃	95.0	1000.0	Measured by its ability to neutralize Activin-mediated inhibition on MPC11 cell proliferation. The ED50 for this effect is typically 0.2 µg/mL in the presence of 10 ng/mL recombinant Activin A (Routinely tested).
3	any	P84077	ARF1	ADP-ribosylation factor 1	Homo sapiens	8SDW	A	1.75	X-RAY DIFFRACTION	2023-06-28	0.994	1.000	1-181	P84077	1-181	1-181	14968-H49E-B	https://www.sinobiological.com/search?keywords=14968-H49E-B	True	23.33	Lyophilized from sterile PBS	E. coli	C-terminal polyhistidine tag followed by an AVI tag					PBS, normally 5% - 8% trehalose, mannitol and 0.01% Tween80 are added as protectants before lyophilization	To find reconstitution info, click on 'COA' at the top of the page, enter the lot number and product size for the lot-specific COA.	-20℃ to -80℃	95.0	1000.0	SDS-PAGE, SEC-HPLC
4	any	Q16864	ATP6V1F	V-type proton ATPase subunit F	Homo sapiens	6WLZ	N	2.90	ELECTRON MICROSCOPY	2020-11-11	1.000	1.000	1-119	NP_004222.2	1-119	1-119	15605-H09E-B	https://www.sinobiological.com/search?keywords=15605-H09E-B	True	40.26	Lyophilized from sterile PBS, pH 7.4.	E. coli	GST					PBS, pH 7.4, with 5%-8% trehalose, mannitol and 0.01% Tween80 as protectants before lyophilization.	To find reconstitution info, click on 'COA' at the top of the page, enter the lot number and product size for the lot-specific COA.	-20℃ to -80℃	90.0		SDS-PAGE
5	any	P42081	CD86	T-lymphocyte activation antigen CD86	Homo sapiens	8FXY	C	3.34	ELECTRON MICROSCOPY	2025-02-05	0.995	0.912	20-237	NP_008820.4	1-239	20-237	10699-H49H-B	https://www.sinobiological.com/search?keywords=10699-H49H-B	True	28.42	Lyophilized from sterile PBS, pH 7.4.	HEK293 Cells	C-terminal polyhistidine tag followed by an AVI tag					PBS, pH 7.4. Normally 5% - 8% trehalose, mannitol and 0.01% Tween80 are added as protectants before lyophilization.	To find reconstitution info, click on 'COA' at the top of the page, enter the lot number and product size for the lot-specific COA.	-20℃ to -80℃	95.0	1000.0	SDS-PAGE (purity), LAL method (endotoxin), HABA assay (biotin/protein ratio), Binding assay with CTLA4/CD152 (EC50 210-600 ng/mL)
6	any	Q8VE98	Cd276	CD276 antigen	Mus musculus	4I0K	A	2.97	X-RAY DIFFRACTION	2012-12-05	1.000	0.865	34-244	NP_598744.1	1-244	34-244	50973-M08H-B	https://www.sinobiological.com/search?keywords=50973-M08H-B	True	24.9	Lyophilized from sterile PBS, pH 7.4, 5% trehalose, 5% mannitol.	HEK293 Cells	C-terminal polyhistidine tag					PBS, pH 7.4, 5% trehalose, 5% mannitol	To find reconstitution info, click on 'COA' at the top of the page, enter the lot number and product size for the lot-specific COA.	-20℃ to -80℃	95.0	1000.0	SDS-PAGE, LAL method
7	any	Q7Z7D3	VTCN1	V-set domain-containing T-cell activation inhibitor 1	Homo sapiens	4GOS	A	1.59	X-RAY DIFFRACTION	2012-09-12	1.000	0.517	30-148	NP_078902.2	29-258	30-148	10738-H27H-B	https://www.sinobiological.com/search?keywords=10738-H27H-B	True	28.6	Lyophilized from sterile PBS, pH 7.4.	HEK293 Cells	C-terminal polyhistidine tagged AVI tag					PBS, pH 7.4; normally 5% - 8% trehalose, mannitol and 0.01% Tween80 are added as protectants before lyophilization.	To find reconstitution info, click on 'COA' at the top of the page, enter the lot number and product size for the lot-specific COA.	-20℃ to -80℃	95.0	1000.0	SDS-PAGE, SEC-HPLC, HABA assay for biotin/protein ratio
8	any	Q7Z6A9	BTLA	B- and T-lymphocyte attenuator	Homo sapiens	2AW2	A	2.80	X-RAY DIFFRACTION	2005-09-27	1.000	0.813	26-134	NP_001078826.1	1-134	26-134	11895-H41H-B	https://www.sinobiological.com/search?keywords=11895-H41H-B	True	40.6	Lyophilized from sterile PBS, pH 7.4	HEK293 Cells	C-terminal Fc region of human IgG1 tag followed by an AVI tag					PBS, pH 7.4, with 5%-8% trehalose, mannitol and 0.01% Tween80 as protectants before lyophilization	To find reconstitution info, click on 'COA' at the top of the page, enter the lot number and product size for the lot-specific COA.	-20℃ to -80℃	95.0	1000.0	SDS-PAGE, SEC-HPLC, LAL method, binding to HVEM (EC50 determination)
9	any	Q9BY67	CADM1	Cell adhesion molecule 1	Homo sapiens	4H5S	B	1.70	X-RAY DIFFRACTION	2013-08-07	1.000	0.267	45-144	NP_055148.3	1-374	45-144	11168-H08H-B	https://www.sinobiological.com/search?keywords=11168-H08H-B	True	38.49	Lyophilized from sterile PBS, pH 7.4	HEK293 Cells	His Tag, Biotinylated					PBS, pH 7.4, with 5%-8% trehalose, mannitol and 0.01% Tween80 as protectants before lyophilization	To find reconstitution info, click on 'COA' at the top of the page, enter the lot number and product size for the lot-specific COA.	-20℃ to -80℃	90.0	1000.0	SDS-PAGE, LAL method, BLI assay (Sartorius Octet RED384), binding to CRTAM protein
10	any	P51684	CCR6	C-C chemokine receptor type 6	Homo sapiens	6WWZ	R	3.34	ELECTRON MICROSCOPY	2020-06-24	1.000	0.997	2-374	P51684	1-374	2-374	"11438-H113H-
DD-B"	"https://www.sinobiological.com/search?keywords=11438-H113H-
DD-B"	True	47.14	liquid	HEK293 Cells	Flag, Strep (N-terminus), AVI (C-terminus)					50 mM HEPES, 150 mM NaCl, 0.02% DDM, 0.004% CHS, pH 7.5		-70℃ or lower		1000.0	Binding to Anti-Human CCR6 Monoclonal Antibody, Human IgG1; EC50 is 1-4 ng/mL (QC tested)
11	any	P15391	CD19	B-lymphocyte antigen CD19	Homo sapiens	7URX	C	3.40	ELECTRON MICROSCOPY	2023-02-15	0.989	0.955	1-278	P15391	1-291	1-278	11880-H08H-B	https://www.sinobiological.com/search?keywords=11880-H08H-B	True	31.6	Lyophilized from sterile Sterile PBS.	HEK293 Cells	C-terminal polyhistidine tag					Sterile PBS, normally 5% - 8% trehalose, mannitol and 0.01% Tween80 are added as protectants before lyophilization.	To find reconstitution info, click on 'COA' at the top of the page, enter the lot number and product size for the lot-specific COA.	-20℃ to -80℃	90.0	1000.0	SDS-PAGE
12	any	P11836	MS4A1	B-lymphocyte antigen CD20	Homo sapiens	8VGN	G	2.50	ELECTRON MICROSCOPY	2024-11-06	1.000	1.000	141-188	NP_068769.2	141-188	141-188	11007-H34E-B	https://www.sinobiological.com/search?keywords=11007-H34E-B	True	23.9	Lyophilized from sterile PBS, pH 7.4.	E. coli	TrxA tag at the N-terminus					PBS, pH 7.4; Normally 5% - 8% trehalose, mannitol and 0.01% Tween80 are added as protectants before lyophilization.	To find reconstitution info, click on 'COA' at the top of the page, enter the lot number and product size for the lot-specific COA.	-20℃ to -80℃	80.0		Binding to anti-Human CD20 antibody (Obinutuzumab derived, Rituximab derived) in BLI assay and CAR-293 cell binding assays (PE signal evaluation).
13	any	P10747	CD28	T-cell-specific surface glycoprotein CD28	Homo sapiens	1YJD	C	2.70	X-RAY DIFFRACTION	2005-02-15	1.000	0.895	17-152	NP_006130.1	1-152	17-152	11524-H41H-B	https://www.sinobiological.com/search?keywords=11524-H41H-B	True	110.5	Lyophilized from sterile PBS, pH 7.4.	HEK293 Cells	C-terminal Fc region of human IgG1 tag followed by an AVI tag					PBS, pH 7.4, with 5%-8% trehalose, mannitol and 0.01% Tween80 as protectants before lyophilization.	To find reconstitution info, click on 'COA' at the top of the page, enter the lot number and product size for the lot-specific COA.	-20℃ to -80℃	95.0	1000.0	SDS-PAGE, SEC-HPLC, SEC-MALS, HABA assay, binding to anti-human CD28 antibody (EC50 1.8 ng/mL)
14	any	P16671	CD36	Platelet glycoprotein 4	Homo sapiens	5LGD	A	2.07	X-RAY DIFFRACTION	2016-08-31	1.000	1.000	30-439	NP_001001547.1	30-439	30-439	10752-H49H-B	https://www.sinobiological.com/search?keywords=10752-H49H-B	True	49.88	Lyophilized from sterile PBS, pH 7.4.	HEK293 Cells	C-terminal polyhistidine tag followed by an AVI tag					PBS, pH 7.4, with 5%-8% trehalose, mannitol and 0.01% Tween80 as protectants before lyophilization	To find reconstitution info, click on 'COA' at the top of the page, enter the lot number and product size for the lot-specific COA.	-20℃ to -80℃	95.0	1000.0	SDS-PAGE, SEC-HPLC, HABA assay for biotin/protein ratio
15	any	P28907	CD38	ADP-ribosyl cyclase/cyclic ADP-ribose hydrolase 1	Homo sapiens	6VUA	A	1.50	X-RAY DIFFRACTION	2020-06-03	0.984	0.992	45-300	NP_001766.2	43-300	45-300	10818-H41H-B	https://www.sinobiological.com/search?keywords=10818-H41H-B	True	58.41	Lyophilized from sterile PBS, pH 7.4	HEK293 Cells	hFc & AVI Tag					PBS, pH 7.4; normally 5%-8% trehalose, mannitol and 0.01% Tween80 are added as protectants before lyophilization	To find reconstitution info, click on 'COA' at the top of the page, enter the lot number and product size for the lot-specific COA.	-20℃ to -80℃	95.0	1000.0	SDS-PAGE, SEC-HPLC, HABA assay, binding to Anti-CD38 (Daratumumab biosimilar), EC50 2.5-8.5 ng/mL
16	any	P01730	CD4	T-cell surface glycoprotein CD4	Homo sapiens	8Z7N	C	3.58	ELECTRON MICROSCOPY	2024-09-18	1.000	1.000	1-390	NP_000607.1	1-390	1-390	10400-H08H-B	https://www.sinobiological.com/search?keywords=10400-H08H-B	True	42.2	Lyophilized from sterile PBS, pH 7.4.	HEK293 Cells	polyhistidine tag at the C-terminus					sterile PBS, pH 7.4; normally 5%-8% trehalose, mannitol and 0.01% Tween80 are added as protectants before lyophilization	To find reconstitution info, click on 'COA' at the top of the page, enter the lot number and product size for the lot-specific COA.	-20℃ to -80℃	90.0	1000.0	SDS-PAGE, SEC-HPLC
17	any	P08575	PTPRC	Receptor-type tyrosine-protein phosphatase C	Homo sapiens	8VSE	A	3.80	ELECTRON MICROSCOPY	2024-11-06	1.000	0.998	26-576	NP_002829.3	26-577	26-576	14197-H49H-B	https://www.sinobiological.com/search?keywords=14197-H49H-B	True	64.04	Lyophilized from sterile PBS, pH 7.4.	HEK293 Cells	C-terminal polyhistidine tag, AVI tag					PBS, pH 7.4, normally 5%-8% trehalose, mannitol and 0.01% Tween80 added as protectants before lyophilization.	To find reconstitution info, click on 'COA' at the top of the page, enter the lot number and product size for the lot-specific COA.	-20℃ to -80℃	95.0	1000.0	SDS-PAGE, SEC-HPLC, BLI assay (Sartorius Octet RED384), HABA assay
18	any	Q08722	CD47	Leukocyte surface antigen CD47	Homo sapiens	7WN8	A	2.80	X-RAY DIFFRACTION	2023-01-25	0.993	1.000	1-139	NP_942088.1	1-139	1-139	12283-HCCH-B	https://www.sinobiological.com/search?keywords=12283-HCCH-B	True	14.5	Lyophilized from sterile PBS, pH 7.4.	HEK293 Cells	six amino acids (LEVLFQ) at the C-terminus					PBS, pH 7.4; normally 5%-8% trehalose, mannitol and 0.01% Tween80 are added as protectants before lyophilization.	To find reconstitution info, click on 'COA' at the top of the page, enter the lot number and product size for the lot-specific COA.	-20℃ to -80℃	95.0	1000.0	SDS-PAGE, SEC-HPLC
19	any	P09326	CD48	CD48 antigen	Homo sapiens	2EDO	A		SOLUTION NMR	2007-08-14	0.983	0.532	24-140	NP_001769.2	1-220	24-140	10797-H41H-B	https://www.sinobiological.com/search?keywords=10797-H41H-B	True	50.88	Lyophilized from sterile PBS, pH 7.4	HEK293 Cells	hFc & AVI Tag					PBS, pH 7.4; normally 5%-8% trehalose, mannitol and 0.01% Tween80 are added as protectants before lyophilization	To find reconstitution info, click on 'COA' at the top of the page, enter the lot number and product size for the lot-specific COA.	-20℃ to -80℃	95.0	1000.0	SDS-PAGE, LAL method, HABA assay, binding to Human 2B4/CD244 (His Tag) with EC50 of 15-120 ng/mL
