rank	 selection	 uniprot	 gene     	 protein_name                                                	 organism    	 chosen_pdb	 matched_chain	 resolution_A	 method             	 pdb_release_date	 identity	 coverage	 pdb_vendor_intersection	 vendor_accession         	 vendor_range	 pdb_map_uniprot_range	 antigen_catalog	 antigen_url                                                                            	 biotinylated	 molecular_weight_kda	 product_form                        	 expression_host 	 tags                            	 quantity_ug	 concentration_mg_per_ml	 price_usd	 pack_size	 buffer                                                    	 reconstitution           	 storage_temp	 purity_percent	 endotoxin_eu_per_mg	 validating_assays
   1	 biotin   	 Q15116 	 PDCD1    	 Programmed cell death protein 1                             	 Homo sapiens	 5WT9      	 G            	         2.40	 X-RAY DIFFRACTION  	 2017-02-15      	    0.965	    1.000	 1-167                  	 NP_005009.2              	 1-167       	 1-167                	 10377-H41H-B   	 https://www.sinobiological.com/recombinant-proteins/human-pd-1-10377-h41h-b            	 True        	                44.49	 Lyophilized                         	 HEK293 Cells    	 hFc & AVI Tag                   	            	                        	          	          	 PBS, pH 7.4                                               	                          	 -20℃ to -80℃	           95.0	                 1.0	 SDS-PAGE, SEC-HPLC, BLI, ELISA
   2	 biotin   	 P18627 	 LAG3     	 Lymphocyte activation gene 3 protein                        	 Homo sapiens	 8SR0      	 D            	         3.53	 ELECTRON MICROSCOPY	 2023-09-06      	    1.000	    1.000	 1-440                  	 NP_002277.4              	 1-440       	 1-525                	 16498-HNAH-B   	 https://www.sinobiological.com/recombinant-proteins/human-lag3-16498-hnah-b            	 True        	                45.3 	 Lyophilized                         	 HEK293 Cells    	                                 	            	                        	          	          	 PBS, pH7.4                                                	 Refer to lot-specific COA	 -20℃ to -80℃	           90.0	                 1.0	 SDS-PAGE, SEC-HPLC
   3	 biotin   	 P15151 	 PVR      	 Poliovirus receptor                                         	 Homo sapiens	 3J8F      	 7            	         4.00	 ELECTRON MICROSCOPY	 2015-02-11      	    0.986	    1.000	 1-343                  	 P15151.2                 	 1-343       	 1-417                	 10109-H27H-B   	 https://www.sinobiological.com/recombinant-proteins/human-cd155-pvr-10109-h27h-b       	 True        	                38.3 	 Lyophilized                         	 HEK293 Cells    	 His & AVI Tag                   	            	                        	          	          	 PBS, pH 7.4                                               	                          	 -20℃ to -80℃	           95.0	                 1.0	 SDS-PAGE, SEC-HPLC, Binding assay
   4	 biotin   	 P04626 	 ERBB2    	 Receptor tyrosine-protein kinase erbB-2                     	 Homo sapiens	 6BGT      	 C            	         2.70	 X-RAY DIFFRACTION  	 2018-10-31      	    0.991	    1.000	 1-652                  	 NP_004439.2              	 1-652       	 1-652                	 10004-H27H-B   	 https://www.sinobiological.com/recombinant-proteins/human-her2-erbb2-10004-h27h-b      	 True        	                72.6 	 Lyophilized                         	 HEK293 Cells    	 His & AVI Tag                   	            	                        	          	          	 PBS, pH 7.4                                               	                          	 -20℃ to -80℃	           90.0	                 1.0	 SDS-PAGE, SEC-HPLC, SEC-MALS, ELISA, SPR assay, BLI assay
   5	 biotin   	 P08581 	 MET      	 Hepatocyte growth factor receptor                           	 Homo sapiens	 7MO9      	 E            	         4.00	 ELECTRON MICROSCOPY	 2021-06-09      	    1.000	    1.000	 1-932                  	 NP_000236.2              	 1-932       	 1-1390               	 10692-H27H-B   	 https://www.sinobiological.com/recombinant-proteins/human-c-met-10692-h27h-b           	 True        	               104.9 	 Lyophilized                         	 HEK293 Cells    	 His & AVI Tag                   	            	                        	          	          	 PBS, pH 7.4                                               	                          	 -20℃ to -80℃	           95.0	                 1.0	 SDS-PAGE, SEC-HPLC
   6	 biotin   	 P09758 	 TACSTD2  	 Tumor-associated calcium signal transducer 2                	 Homo sapiens	 7E5N      	 A            	         3.20	 X-RAY DIFFRACTION  	 2021-12-15      	    1.000	    1.000	 1-274                  	 NP_002344.2              	 1-274       	 1-323                	 10428-H41H-B   	 https://www.sinobiological.com/recombinant-proteins/human-trop2-10428-h41h-b           	 True        	                56.42	 Lyophilized                         	 HEK293 Cells    	 hFc & AVI Tag                   	            	                        	          	          	 PBS, pH 7.4                                               	                          	 -20℃ to -80℃	           95.0	                 1.0	 SDS-PAGE, SEC-HPLC, HABA assay
   7	 biotin   	 P15328 	 FOLR1    	 Folate receptor alpha                                       	 Homo sapiens	 5IZQ      	 A            	         3.60	 X-RAY DIFFRACTION  	 2016-08-10      	    0.987	    1.000	 1-233                  	 NP_057937.1              	 1-233       	 1-235                	 11241-H49H-B   	 https://www.sinobiological.com/recombinant-proteins/human-folr1-11241-h49h-b           	 True        	                27.83	 Lyophilized                         	 HEK293 Cells    	 His Tag, AVI Tag                	            	                        	          	          	 PBS, pH 7.4                                               	                          	 -20℃ to -80℃	           95.0	                 1.0	 SDS-PAGE, SEC-HPLC
   8	 biotin   	 P11836 	 MS4A1    	 B-lymphocyte antigen CD20                                   	 Homo sapiens	 6Y90      	 A            	         3.69	 ELECTRON MICROSCOPY	 2020-08-26      	    1.000	    1.000	 141-188                	 NP_068769.2              	 141-188     	 45-216               	 11007-H34E-B   	 https://www.sinobiological.com/recombinant-proteins/human-cd20-11007-h34e-b            	 True        	                23.9 	 Recombinant Protein                 	 E. coli         	 TrxA tag                        	            	                        	          	          	 PBS, pH 7.4                                               	 Refer to lot-specific COA	 -20℃ to -80℃	           80.0	                    	 Binding to Obinutuzumab derived anti-Human CD20 antibody, Binding to anti-CD20 (Rituximab derived) CAR-293 cells, Binding to anti-CD20 (Obinutuzumab derived) CAR-293 cells
   9	 biotin   	 Q02223 	 TNFRSF17 	 Tumor necrosis factor receptor superfamily member 17        	 Homo sapiens	 4ZFO      	 F            	         1.90	 X-RAY DIFFRACTION  	 2015-05-20      	    1.000	    1.000	 1-54                   	 NP_001183.2              	 1-54        	 1-54                 	 10620-H41H-B   	 https://www.sinobiological.com/recombinant-proteins/human-bcma-10620-h41h-b            	 True        	                34.43	 Lyophilized                         	 HEK293 Cells    	 hFc & AVI Tag                   	            	                        	          	          	 PBS, pH 7.4                                               	                          	 -20℃ to -80℃	           95.0	                 1.0	 SDS-PAGE, SEC-HPLC, ELISA, BLI assay
  10	 biotin   	 Q04609 	 FOLH1    	 Glutamate carboxypeptidase 2                                	 Homo sapiens	 5O5T      	 A            	         1.43	 X-RAY DIFFRACTION  	 2018-06-13      	    1.000	    1.000	 44-750                 	 NP_004467.1              	 44-750      	 44-750               	 15877-H07H-B   	 https://www.sinobiological.com/recombinant-proteins/human-psma-15877-h07h-b            	 True        	                81.7 	 Lyophilized                         	 HEK293 Cells    	 His Tag                         	            	                        	          	          	 PBS, pH 7.4                                               	 Refer to lot-specific COA	 -20℃ to -80℃	           95.0	                 1.0	 SDS-PAGE, SEC-HPLC, ELISA
  11	 biotin   	 P35968 	 KDR      	 Vascular endothelial growth factor receptor 2               	 Homo sapiens	 3V2A      	 R            	         3.20	 X-RAY DIFFRACTION  	 2012-01-18      	    0.990	    1.000	 1-764                  	 NP_002244.1              	 1-764       	 1-764                	 10012-H27H-B   	 https://www.sinobiological.com/recombinant-proteins/human-vegfr2-kdr-10012-h27h-b      	 True        	                86.5 	 Lyophilized                         	 HEK293 Cells    	 His & AVI Tag                   	            	                        	          	          	 PBS, pH 7.4                                               	                          	 -20℃ to -80℃	           95.0	                 1.0	 SDS-PAGE, BLI assay
  12	 biotin   	 P01375 	 TNF      	 Tumor necrosis factor                                       	 Homo sapiens	 5M2J      	 A            	         1.90	 X-RAY DIFFRACTION  	 2017-08-30      	    1.000	    1.000	 77-233                 	 NP_000585.2              	 77-233      	 77-233               	 10602-H49H-B   	 https://www.sinobiological.com/recombinant-proteins/human-tnf-alpha-10602-h49h-b       	 True        	                20.61	 Lyophilized                         	 HEK293 Cells    	 His & AVI Tag                   	            	                        	          	          	 PBS, 0.02% Tween80, pH 7.4                                	                          	 -20℃ to -80℃	           95.0	                 1.0	 SEC-MALS, BLI assay
  13	 biotin   	 Q16552 	 IL17A    	 Interleukin-17A                                             	 Homo sapiens	 5HI4      	 A            	         1.80	 X-RAY DIFFRACTION  	 2016-08-31      	    1.000	    1.000	 24-155                 	 Q16552                   	 24-155      	 24-155               	 12047-H44H-B   	 https://www.sinobiological.com/recombinant-proteins/human-il17-12047-h44h-b            	 True        	                18.31	 Lyophilized                         	 HEK293 Cells    	 N-terminal His, AVI tag         	            	                        	          	          	 PBS, pH 7.4                                               	 Refer to lot-specific COA	 -20℃ to -80℃	           95.0	                 1.0	 SDS-PAGE, SEC-HPLC, SEC-MALS, SPR, ELISA
  14	 biotin   	 Q9NPF7 	 IL23A    	 Interleukin-23 subunit alpha                                	 Homo sapiens	 5MXA      	 A            	         2.50	 X-RAY DIFFRACTION  	 2017-12-20      	    1.000	    1.000	 20-189                 	 NP_002178.2 & NP_057668.1	 20-189      	 1-328                	 CT048-H08H-B   	 https://www.sinobiological.com/recombinant-proteins/human-il-23-ct048-h08h-b           	 True        	                55.8 	 Lyophilized                         	 HEK293 Cells    	 His Tag, Biotinylated           	            	                        	          	          	 PBS, pH 7.4                                               	 Refer to lot-specific COA	 -20℃ to -80℃	           90.0	                 1.0	 SDS-PAGE, BLI assay, functional ELISA
  15	 biotin   	 P05113 	 IL5      	 Interleukin-5                                               	 Homo sapiens	 3QT2      	 C            	         2.55	 X-RAY DIFFRACTION  	 2012-02-01      	    0.991	    1.000	 20-134                 	 NP_000870.1              	 20-134      	 19-134               	 15673-H49H-B   	 https://www.sinobiological.com/recombinant-proteins/human-il-5-15673-h49h-b            	 True        	                16.41	 Lyophilized                         	 HEK293 Cells    	 His Tag, AVI Tag                	            	                        	          	          	 PBS, 5% Trehalose, 8% Glycerol, pH 7.4                    	                          	 -20℃ to -80℃	           95.0	                 1.0	 SDS-PAGE, SEC-MALS, BLI assay
  16	 biotin   	 P35225 	 IL13     	 Interleukin-13                                              	 Homo sapiens	 3LB6      	 A            	         3.05	 X-RAY DIFFRACTION  	 2010-03-16      	    1.000	    1.000	 1-132                  	 AAK53823.1               	 1-132       	 1-132                	 10369-H49H-B   	 https://www.sinobiological.com/recombinant-proteins/human-il-13-10369-h49h-b           	 True        	                15.6 	 Lyophilized                         	 HEK293 Cells    	 His & AVI Tag                   	            	                        	          	          	 PBS, pH 7.4                                               	 Refer to lot-specific COA	 -20℃ to -80℃	           95.0	                 1.0	 SDS-PAGE, SEC-HPLC, ELISA, BLI assay, SPR assay
  17	 biotin   	 P02786 	 TFRC     	 Transferrin receptor protein 1                              	 Homo sapiens	 7ZQS      	 B            	         2.54	 ELECTRON MICROSCOPY	 2022-08-17      	    1.000	    1.000	 89-760                 	 NP_003225.2              	 89-760      	 1-760                	 11020-H07H-B   	 https://www.sinobiological.com/recombinant-proteins/human-tfrc-11020-h07h-b            	 True        	                77.4 	 Lyophilized                         	 HEK293 Cells    	 His Tag                         	            	                        	          	          	 PBS, pH 7.4                                               	                          	 -20℃ to -80℃	           85.0	                 1.0	 SDS-PAGE
  18	 biotin   	 P41273 	 TNFSF9   	 Tumor necrosis factor ligand superfamily member 9           	 Homo sapiens	 6MGP      	 A            	         2.13	 X-RAY DIFFRACTION  	 2018-11-14      	    0.952	    1.000	 71-254                 	 NP_003802.1              	 71-254      	 58-254               	 15693-H42H-B   	 https://www.sinobiological.com/recombinant-proteins/human-4-1bbl-tnfsf9-15693-h42h-b   	 True        	                47.98	 Lyophilized                         	 HEK293 Cells    	 AVI & Fc Tag                    	            	                        	          	          	 PBS, pH 7.4                                               	 Refer to lot-specific COA	 -20℃ to -80℃	           95.0	                 1.0	 SDS-PAGE, Functional ELISA, IL-8 secretion assay
  19	 biotin   	 P07766 	 CD3E     	 T-cell surface glycoprotein CD3 epsilon chain               	 Homo sapiens	 7FJE      	 e            	         3.00	 ELECTRON MICROSCOPY	 2022-07-27      	    1.000	    1.000	 1-126                  	 NP_000724.1              	 1-126       	 1-207                	 10977-H08S-B   	 https://www.sinobiological.com/recombinant-proteins/human-cd3-epsilon-cd3e-10977-h08s-b	 True        	                13.2 	 Lyophilized                         	 CHO Stable Cells	 His Tag                         	            	                        	          	          	 PBS                                                       	                          	 -20℃ to -80℃	           95.0	                 1.0	 SDS-PAGE
  20	 biotin   	 Q99988 	 GDF15    	 Growth/differentiation factor 15                            	 Homo sapiens	 5VZ3      	 A            	         1.97	 X-RAY DIFFRACTION  	 2017-09-27      	    1.000	    1.000	 197-308                	 NP_004855.2              	 197-308     	 197-308              	 10936-H44E-B   	 https://www.sinobiological.com/recombinant-proteins/human-gdf15-10936-h44e-b           	 True        	                15.05	 Lyophilized                         	 E. coli         	 His Tag, AVI Tag                	            	                        	          	          	 50 mM HAC, pH 3.0                                         	 Refer to lot-specific COA	 -20℃ to -80℃	           95.0	                 1.0	 SDS-PAGE, Binding assay (GFRAL)
  21	 biotin   	 O95760 	 IL33     	 Interleukin-33                                              	 Homo sapiens	 4KC3      	 A            	         3.27	 X-RAY DIFFRACTION  	 2013-08-28      	    1.000	    1.000	 112-270                	 NP_254274.1              	 112-270     	 112-270              	 10368-H56E-B   	 https://www.sinobiological.com/recombinant-proteins/human-il-33-10368-h56e-b           	 True        	                22.31	 Lyophilized                         	 E. coli         	 His & AVI Tag                   	            	                        	          	          	 PBS                                                       	                          	 -20℃ to -80℃	           95.0	                 1.0	 SDS-PAGE, SEC-MALS, BLI assay
  22	 biotin   	 P16234 	 PDGFRA   	 Platelet-derived growth factor receptor alpha               	 Homo sapiens	 7LBF      	 D            	         2.80	 ELECTRON MICROSCOPY	 2021-03-10      	    0.991	    1.000	 1-524                  	 NP_001334758.1           	 1-524       	 1-524                	 10556-H27H-B   	 https://www.sinobiological.com/recombinant-proteins/human-pdgfra-10556-h27h-b          	 True        	                59.4 	 Lyophilized                         	 HEK293 Cells    	 His Tag, AVI Tag                	            	                        	          	          	 PBS, pH 7.4                                               	 Refer to lot-specific COA	 -20℃ to -80℃	           95.0	                 1.0	 SDS-PAGE, Functional ELISA
  23	 biotin   	 P08069 	 IGF1R    	 Insulin-like growth factor 1 receptor                       	 Homo sapiens	 7V3P      	 A            	         3.60	 ELECTRON MICROSCOPY	 2022-08-17      	    1.000	    0.999	 1-931                  	 NP_000866.1              	 1-932       	 1-931                	 10164-H49H1-B  	 https://www.sinobiological.com/recombinant-proteins/human-igf1r-10164-h49h1-b          	 True        	               106.14	 Lyophilized                         	 HEK293 Cells    	 His Tag, AVI Tag                	            	                        	          	          	 PBS, pH 7.4                                               	 Refer to lot-specific COA	 -20℃ to -80℃	           95.0	                 1.0	 SDS-PAGE, SEC-HPLC, BLI
  24	 biotin   	 P00533 	 EGFR     	 Epidermal growth factor receptor                            	 Homo sapiens	 5XWD      	 A            	         2.89	 X-RAY DIFFRACTION  	 2018-02-28      	    0.988	    0.997	 1-643                  	 NP_005219.2              	 1-645       	 1-643                	 10001-H27H-B   	 https://www.sinobiological.com/recombinant-proteins/human-egfr-10001-h27h-b            	 True        	                71.9 	 Lyophilized                         	 HEK293 Cells    	 His Tag, AVI Tag                	            	                        	          	          	 PBS,pH 7.4                                                	                          	 -20℃ to -80℃	           95.0	                 1.0	 ELISA
  25	 biotin   	 Q9NZQ7 	 CD274    	 Programmed cell death 1 ligand 1                            	 Homo sapiens	 7XAE      	 A            	         3.44	 X-RAY DIFFRACTION  	 2023-09-20      	    1.000	    0.996	 1-238                  	 NP_054862.1              	 1-239       	 1-238                	 10084-H02H-B   	 https://www.sinobiological.com/recombinant-proteins/human-pd-l1-10084-h02h-b           	 True        	                52.0 	 Lyophilized                         	 HEK293 Cells    	 Fc Tag                          	            	                        	          	          	 Sterile PBS, pH 7.4                                       	                          	 -20℃ to -80℃	           95.0	                 1.0	 SDS-PAGE, SEC-HPLC
  26	 biotin   	 Q9BQB4 	 SOST     	 Sclerostin                                                  	 Homo sapiens	 2K8P      	 A            	             	 SOLUTION NMR       	 2009-02-17      	    1.000	    0.995	 25-213                 	 NP_079513.1              	 24-213      	 25-213               	 10593-H07H-B   	 https://www.sinobiological.com/recombinant-proteins/human-sost-sclerostin-10593-h07h-b 	 True        	                22.5 	 Lyophilized                         	 HEK293 Cells    	 His Tag                         	            	                        	          	          	 Sterile PBS                                               	 Refer to lot-specific COA	 -20℃ to -80℃	           90.0	                 1.0	 Binding assay
  27	 biotin   	 P36888 	 FLT3     	 Receptor-type tyrosine-protein kinase FLT3                  	 Homo sapiens	 3QS9      	 E            	         7.80	 X-RAY DIFFRACTION  	 2011-03-16      	    0.975	    0.994	 27-540                 	 NP_004110.2              	 27-543      	 27-540               	 10445-H41H-B   	 https://www.sinobiological.com/recombinant-proteins/human-flt3-10445-h41h-b            	 True        	                86.87	 Lyophilized                         	 HEK293 Cells    	 hFc & AVI Tag, Biotinylated     	            	                        	          	          	 PBS, pH 7.4                                               	                          	 -20℃ to -80℃	           95.0	                 1.0	 SDS-PAGE, SEC-HPLC
  28	 biotin   	 P28907 	 CD38     	 ADP-ribosyl cyclase/cyclic ADP-ribose hydrolase 1           	 Homo sapiens	 9GOX      	 A            	         1.84	 X-RAY DIFFRACTION  	 2025-02-12      	    0.970	    0.992	 45-300                 	 NP_001766.2              	 43-300      	 45-300               	 10818-H41H-B   	 https://www.sinobiological.com/recombinant-proteins/human-cd38-10818-h41h-b            	 True        	                58.41	 Lyophilized                         	 HEK293 Cells    	 hFc Tag, AVI Tag                	            	                        	          	          	 PBS, pH 7.4                                               	                          	 -20℃ to -80℃	           95.0	                 1.0	 SDS-PAGE, SEC-HPLC, ELISA
  29	 biotin   	 P29965 	 CD40LG   	 CD40 ligand                                                 	 Homo sapiens	 6W9G      	 A            	         1.82	 X-RAY DIFFRACTION  	 2020-12-23      	    1.000	    0.980	 116-261                	 NP_000065.1              	 113-261     	 116-261              	 10239-H42H-B   	 https://www.sinobiological.com/recombinant-proteins/human-cd40-ligand-10239-h42h-b     	 True        	                44.7 	 Lyophilized                         	 HEK293 Cells    	 Fc&AVI Tag                      	            	                        	          	          	 20 mM Tris, 150 mM NaCl, pH 8.5                           	 Refer to lot-specific COA	 -20℃ to -80℃	           85.0	                 1.0	 SDS-PAGE, ELISA
  30	 biotin   	 P01137 	 TGFB1    	 Transforming growth factor beta-1 proprotein                	 Homo sapiens	 8VSC      	 A            	         3.00	 ELECTRON MICROSCOPY	 2024-09-11      	    0.974	    0.974	 11-390                 	 NP_000651.3              	 1-390       	 11-390               	 10804-H08H-B   	 https://www.sinobiological.com/recombinant-proteins/human-tgf-beta-1-10804-h08h-b      	 True        	                42.4 	 Lyophilized                         	 HEK293 Cells    	 Human                           	            	                        	          	          	 PBS, pH 7.4                                               	                          	 -20℃ to -80℃	           95.0	                 1.0	 SDS-PAGE, LAL method
  31	 biotin   	 O15123 	 ANGPT2   	 Angiopoietin-2                                              	 Homo sapiens	 1Z3S      	 A            	         2.35	 X-RAY DIFFRACTION  	 2005-07-12      	    0.995	    0.973	 281-496                	 NP_001138.1              	 275-496     	 281-496              	 10691-H27H1-B  	 https://www.sinobiological.com/recombinant-proteins/human-angiopoietin-2-10691-h27h1-b 	 True        	                28.72	 Lyophilized                         	 HEK293 Cells    	 AVI Tag, His Tag                	            	                        	          	          	 PBS, pH 7.4                                               	 Refer to lot-specific COA	 -20℃ to -80℃	           95.0	                 1.0	 SDS-PAGE, SEC-HPLC, ELISA, BLI
  32	 biotin   	 Q14392 	 LRRC32   	 Transforming growth factor beta activator LRRC32            	 Homo sapiens	 8VSB      	 I            	         2.93	 ELECTRON MICROSCOPY	 2024-09-11      	    1.000	    0.970	 20-627                 	 NP_005503.1              	 1-627       	 20-627               	 15508-H08H-B   	 https://www.sinobiological.com/recombinant-proteins/human-lrrc32-15508-h08h-b          	 True        	                67.5 	 Lyophilized                         	 HEK293 Cells    	 His Tag                         	            	                        	          	          	 PBS, pH 7.4                                               	 Refer to lot-specific COA	 -20℃ to -80℃	           95.0	                 1.0	 SDS-PAGE
  33	 biotin   	 Q969D9 	 TSLP     	 Thymic stromal lymphopoietin                                	 Homo sapiens	 8QFZ      	 A            	         1.65	 X-RAY DIFFRACTION  	 2024-02-07      	    0.992	    0.969	 29-155                 	 NP_149024.1              	 29-159      	 29-155               	 16135-H49H-B   	 https://www.sinobiological.com/recombinant-proteins/human-tslp-16135-h49h-b            	 True        	                19.84	 Lyophilized                         	 HEK293 Cells    	 His Tag, AVI Tag                	            	                        	          	          	 PBS, pH 7.4                                               	 Refer to lot-specific COA	 -20℃ to -80℃	           95.0	                 1.0	 SDS-PAGE, SEC-HPLC, SEC-MALS, BLI assay
  34	 biotin   	 Q495A1 	 TIGIT    	 T-cell immunoreceptor with Ig and ITIM domains              	 Homo sapiens	 3Q0H      	 A            	         1.70	 X-RAY DIFFRACTION  	 2011-02-16      	    0.991	    0.967	 22-137                 	 NP_776160.2              	 22-141      	 22-137               	 10917-H49H1-B  	 https://www.sinobiological.com/recombinant-proteins/human-tigit-10917-h49h1-b          	 True        	                30.63	 Lyophilized                         	 HEK293 Cells    	 His Tag, AVI Tag                	            	                        	          	          	 PBS, pH 7.4                                               	 Refer to lot-specific COA	 -20℃ to -80℃	           95.0	                 1.0	 SDS-PAGE, SEC-HPLC, HABA assay
  35	 biotin   	 Q495A1 	 TIGIT    	 T-cell immunoreceptor with Ig and ITIM domains              	 Homo sapiens	 3Q0H      	 A            	         1.70	 X-RAY DIFFRACTION  	 2011-02-16      	    0.991	    0.967	 22-137                 	 NP_776160.2              	 22-141      	 22-137               	 10917-H49H1-B  	 https://www.sinobiological.com/recombinant-proteins/human-tigit-10917-h49h1-b          	 True        	                30.63	 Lyophilized                         	 HEK293 Cells    	 His Tag, AVI Tag                	            	                        	          	          	 PBS, pH 7.4                                               	 Refer to lot-specific COA	 -20℃ to -80℃	           95.0	                 1.0	 SDS-PAGE, SEC-HPLC, HABA assay
  36	 biotin   	 P31994 	 FCGR2B   	 Low affinity immunoglobulin gamma Fc region receptor II-b   	 Homo sapiens	 5OCC      	 A            	         2.50	 X-RAY DIFFRACTION  	 2018-07-25      	    1.000	    0.966	 46-218                 	 NP_001002274.1           	 46-224      	 43-218               	 10259-H27H-B   	 https://www.sinobiological.com/recombinant-proteins/human-cd32b-fcgr2b-10259-h27h-b    	 True        	                24.0 	 Lyophilized                         	 HEK293 Cells    	 His & AVI Tag                   	            	                        	          	          	 PBS, pH 7.4                                               	 Refer to lot-specific COA	 -20℃ to -80℃	           95.0	                 1.0	 SDS-PAGE, SEC-HPLC, BLI assay
  37	 biotin   	 P21589 	 NT5E     	 5'-nucleotidase                                             	 Homo sapiens	 4H1S      	 A            	         2.20	 X-RAY DIFFRACTION  	 2012-10-03      	    0.987	    0.952	 27-547                 	 NP_002517.1              	 1-547       	 27-549               	 10904-H49H-B   	 https://www.sinobiological.com/recombinant-proteins/human-cd73-10904-h49h-b            	 True        	                61.04	 Lyophilized                         	 HEK293 Cells    	 His Tag, AVI Tag                	            	                        	          	          	 Tris, Nacl, Cacl2, Glycerol, pH 7.5                       	                          	 -20℃ to -80℃	           90.0	                 1.0	 SDS-PAGE, SEC-HPLC
  38	 biotin   	 P07333 	 CSF1R    	 Macrophage colony-stimulating factor 1 receptor             	 Homo sapiens	 4WRM      	 A            	         6.85	 X-RAY DIFFRACTION  	 2015-08-12      	    0.984	    0.947	 20-504                 	 NP_005202.2              	 1-512       	 20-504               	 10161-H41H-B   	 https://www.sinobiological.com/recombinant-proteins/human-csf1r-10161-h41h-b           	 True        	                83.04	 Lyophilized                         	 HEK293 Cells    	 hFc & AVI Tag                   	            	                        	          	          	 PBS, pH 7.4                                               	                          	 -20℃ to -80℃	           95.0	                 1.0	 SDS-PAGE, Binding to Human M-CSF His
  39	 biotin   	 P42702 	 LIFR     	 Leukemia inhibitory factor receptor                         	 Homo sapiens	 8D74      	 B            	         3.03	 ELECTRON MICROSCOPY	 2023-03-29      	    0.966	    0.947	 45-833                 	 NP_001121143.1           	 1-833       	 45-833               	 10628-H08H-B   	 https://www.sinobiological.com/recombinant-proteins/human-lifr-10628-h08h-b            	 True        	                91.0 	 Lyophilized                         	 HEK293 Cells    	 His Tag                         	            	                        	          	          	 PBS                                                       	 Refer to lot-specific COA	 -20℃ to -80℃	           90.0	                 1.0	 SDS-PAGE
  40	 biotin   	 P05362 	 ICAM1    	 Intercellular adhesion molecule 1                           	 Homo sapiens	 7BG7      	 B            	         2.40	 ELECTRON MICROSCOPY	 2021-05-19      	    1.000	    0.944	 28-480                 	 NP_000192.2              	 1-480       	 28-480               	 10346-H49H-B   	 https://www.sinobiological.com/recombinant-proteins/human-icam-1-10346-h49h-b          	 True        	                52.77	 Lyophilized                         	 HEK293 Cells    	 His & AVI Tag                   	            	                        	          	          	 PBS, pH 7.4                                               	                          	 -20℃ to -80℃	           95.0	                 1.0	 SDS-PAGE, SEC-HPLC, HABA assay
  41	 biotin   	 P15391 	 CD19     	 B-lymphocyte antigen CD19                                   	 Homo sapiens	 7JIC      	 A            	         3.80	 ELECTRON MICROSCOPY	 2021-01-20      	    0.954	    0.935	 20-291                 	 P15391                   	 1-291       	 20-327               	 11880-H08H-B   	 https://www.sinobiological.com/recombinant-proteins/human-cd19-11880-h08h-b            	 True        	                31.6 	 Lyophilized                         	 HEK293 Cells    	 His Tag                         	            	                        	          	          	 Sterile PBS                                               	                          	 -20℃ to -80℃	           90.0	                 1.0	 SDS-PAGE
  42	 biotin   	 Q15762 	 CD226    	 CD226 antigen                                               	 Homo sapiens	 6ISB      	 A            	         2.50	 X-RAY DIFFRACTION  	 2018-12-26      	    1.000	    0.927	 19-247                 	 NP_006557.2              	 1-247       	 19-250               	 10565-H08H-B   	 https://www.sinobiological.com/recombinant-proteins/human-cd226-10565-h08h-b           	 True        	                27.4 	 Lyophilized                         	 HEK293 Cells    	 His Tag                         	            	                        	          	          	 PBS, pH 7.4                                               	 Refer to lot-specific COA	 -20℃ to -80℃	           95.0	                 1.0	 Testing in progress
  43	 biotin   	 P78552 	 IL13RA1  	 Interleukin-13 receptor subunit alpha-1                     	 Homo sapiens	 5E4E      	 C            	         3.00	 X-RAY DIFFRACTION  	 2015-12-02      	    1.000	    0.927	 23-340                 	 NP_001551.1              	 1-343       	 23-340               	 10943-H49H-B   	 https://www.sinobiological.com/recombinant-proteins/human-il13ra1-10943-h49h-b         	 True        	                40.15	 Lyophilized                         	 HEK293 Cells    	 His Tag, AVI Tag                	            	                        	          	          	 PBS, pH 7.4                                               	 Refer to lot-specific COA	 -20℃ to -80℃	           95.0	                 1.0	 SDS-PAGE, SEC-HPLC, SPR
  44	 biotin   	 Q01638 	 IL1RL1   	 Interleukin-1 receptor-like 1                               	 Homo sapiens	 4KC3      	 B            	         3.27	 X-RAY DIFFRACTION  	 2013-08-28      	    0.981	    0.924	 19-321                 	 NP_057316.3              	 1-328       	 19-321               	 13034-H08H     	 https://www.sinobiological.com/recombinant-proteins/human-st2-il-1-rl1-13034-h08h      	 True        	                36.3 	 Lyophilized                         	 HEK293 Cells    	 His Tag                         	            	                        	          	          	 PBS, pH 7.4                                               	 Refer to lot-specific COA	 -20℃ to -80℃	           95.0	                 1.0	 SDS-PAGE, Functional ELISA
  45	 biotin   	 P01589 	 IL2RA    	 Interleukin-2 receptor subunit alpha                        	 Homo sapiens	 1Z92      	 B            	         2.80	 X-RAY DIFFRACTION  	 2005-06-07      	    0.991	    0.901	 22-213                 	 NP_000408.1              	 1-213       	 22-238               	 10165-H27H-B   	 https://www.sinobiological.com/recombinant-proteins/human-cd25-il2ra-10165-h27h-b      	 True        	                25.0 	 Lyophilized                         	 HEK293 Cells    	 His Tag, AVI Tag                	            	                        	          	          	 PBS, pH 7.4                                               	                          	 -20℃ to -80℃	           95.0	                 1.0	 SDS-PAGE, SEC-HPLC, HABA assay
  46	 biotin   	 P25942 	 CD40     	 Tumor necrosis factor receptor superfamily member 5         	 Homo sapiens	 7P3I      	 A            	         2.29	 X-RAY DIFFRACTION  	 2022-04-06      	    0.977	    0.896	 21-193                 	 NP_001241.1              	 1-193       	 21-193               	 10774-H27H-B   	 https://www.sinobiological.com/recombinant-proteins/human-cd40-10774-h27h-b            	 True        	                22.4 	 Lyophilized                         	 HEK293 Cells    	 His Tag, AVI Tag                	            	                        	          	          	 PBS, pH 7.4                                               	                          	 -20℃ to -80℃	           95.0	                 1.0	 SDS-PAGE, SEC-HPLC, HABA assay
  47	 biotin   	 Q96F46 	 IL17RA   	 Interleukin-17 receptor A                                   	 Homo sapiens	 5N9B      	 A            	         1.90	 X-RAY DIFFRACTION  	 2018-06-13      	    1.000	    0.894	 33-318                 	 NP_055154.3              	 1-320       	 33-318               	 10895-H49H-B   	 https://www.sinobiological.com/recombinant-proteins/human-il17ra-10895-h49h-b          	 True        	                36.71	 Lyophilized                         	 HEK293 Cells    	 His Tag, AVI Tag                	            	                        	          	          	 PBS, pH 7.4                                               	 Refer to lot-specific COA	 -20℃ to -80℃	           95.0	                 1.0	 SDS-PAGE, Functional ELISA
  48	 biotin   	 P24394 	 IL4R     	 Interleukin-4 receptor subunit alpha                        	 Homo sapiens	 8K4Q      	 A            	         2.59	 X-RAY DIFFRACTION  	 2024-06-26      	    0.967	    0.892	 26-232                 	 NP_000409.1              	 1-232       	 26-232               	 10402-H08H-B   	 https://www.sinobiological.com/recombinant-proteins/human-il4r-10402-h08h-b            	 True        	                25.2 	 Lyophilized                         	 HEK293 Cells    	 His Tag                         	            	                        	          	          	 Sterile PBS                                               	 Refer to lot-specific COA	 -20℃ to -80℃	           95.0	                 1.0	 SDS-PAGE
  49	 biotin   	 O75144 	 ICOSLG   	 ICOS ligand                                                 	 Homo sapiens	 6X4T      	 A            	         3.15	 X-RAY DIFFRACTION  	 2020-10-14      	    0.958	    0.891	 19-248                 	 NP_056074.1              	 1-258       	 19-248               	 11559-H08H-B   	 https://www.sinobiological.com/recombinant-proteins/human-icos-ligand-11559-h08h-b     	 True        	                28.1 	 Lyophilized                         	 HEK293 Cells    	 His Tag                         	            	                        	          	          	 PBS, pH 7.4                                               	 Refer to lot-specific COA	 -20℃ to -80℃	           95.0	                 1.0	 SDS-PAGE, ELISA
  50	 biotin   	 P42081 	 CD86     	 T-lymphocyte activation antigen CD86                        	 Homo sapiens	 8HXB      	 G            	         2.70	 ELECTRON MICROSCOPY	 2023-08-30      	    1.000	    0.891	 20-232                 	 NP_008820.4              	 1-239       	 20-232               	 10699-H49H-B   	 https://www.sinobiological.com/recombinant-proteins/human-cd86-10699-h49h-b            	 True        	                28.42	 Lyophilized                         	 HEK293 Cells    	 His Tag, AVI Tag                	            	                        	          	          	 PBS, pH 7.4                                               	 Refer to lot-specific COA	 -20℃ to -80℃	           95.0	                 1.0	 ELISA
  51	 biotin   	 P14784 	 IL2RB    	 Interleukin-2 receptor subunit beta                         	 Homo sapiens	 7S2S      	 B            	         1.93	 X-RAY DIFFRACTION  	 2022-03-30      	    0.972	    0.879	 27-236                 	 NP_000869.1              	 1-239       	 27-236               	 10696-H27H-B   	 https://www.sinobiological.com/recombinant-proteins/human-cd122-il2rb-10696-h27h-b     	 True        	                28.73	 Lyophilized                         	 HEK293 Cells    	 His Tag, AVI Tag                	            	                        	          	          	 PBS, pH 7.4                                               	 Refer to lot-specific COA	 -20℃ to -80℃	           95.0	                 1.0	 SDS-PAGE, SEC-HPLC, HABA assay, BLI assay
  52	 biotin   	 P78324 	 SIRPA    	 Tyrosine-protein phosphatase non-receptor type substrate 1  	 Homo sapiens	 2WNG      	 A            	         2.49	 X-RAY DIFFRACTION  	 2009-07-21      	    0.976	    0.864	 31-349                 	 AAH38510.1               	 1-369       	 31-349               	 30014-H08H-B   	 https://www.sinobiological.com/recombinant-proteins/human-sirp-alpha-30014-h08h-b      	 True        	                38.6 	 Lyophilized                         	 HEK293 Cells    	 His Tag                         	            	                        	          	          	 PBS, pH 7.4                                               	 Refer to lot-specific COA	 -20℃ to -80℃	           95.0	                 1.0	 SDS-PAGE, ELISA
  53	 biotin   	 P33681 	 CD80     	 T-lymphocyte activation antigen CD80                        	 Homo sapiens	 1I8L      	 A            	         3.00	 X-RAY DIFFRACTION  	 2001-04-04      	    1.000	    0.860	 35-242                 	 NP_005182.1              	 1-242       	 35-242               	 10698-H49H-B   	 https://www.sinobiological.com/recombinant-proteins/human-b7-1-10698-h49h-b            	 True        	                27.12	 Lyophilized                         	 HEK293 Cells    	 His Tag, AVI Tag                	            	                        	          	          	 PBS, pH 7.4                                               	 Refer to lot-specific COA	 -20℃ to -80℃	           95.0	                 1.0	 SDS-PAGE, SEC-HPLC, ELISA
  54	 biotin   	 Q8NHL6 	 LILRB1   	 Leukocyte immunoglobulin-like receptor subfamily B member 1 	 Homo sapiens	 6AEE      	 G            	         3.30	 X-RAY DIFFRACTION  	 2019-07-31      	    0.985	    0.858	 25-417                 	 ADJ55949.1               	 1-458       	 25-417               	 16014-H49H-B   	 https://www.sinobiological.com/recombinant-proteins/human-lilrb1-16014-h49h-b          	 True        	                50.47	 Lyophilized                         	 HEK293 Cells    	 His Tag, AVI Tag                	            	                        	          	          	 PBS, pH 7.4                                               	 Refer to lot-specific COA	 -20℃ to -80℃	           95.0	                 1.0	 SDS-PAGE, SEC-HPLC, BLI assay
  55	 biotin   	 Q9Y5U5 	 TNFRSF18 	 Tumor necrosis factor receptor superfamily member 18        	 Homo sapiens	 7KHD      	 C            	         2.96	 X-RAY DIFFRACTION  	 2021-03-03      	    1.000	    0.845	 26-161                 	 NP_683700.1              	 1-161       	 26-162               	 13643-H49H-B   	 https://www.sinobiological.com/recombinant-proteins/human-gitr-13643-h49h-b            	 True        	                17.79	 Lyophilized                         	 HEK293 Cells    	 His Tag, AVI Tag                	            	                        	          	          	 PBS, pH 7.4                                               	 Refer to lot-specific COA	 -20℃ to -80℃	           95.0	                 1.0	 SDS-PAGE, ELISA
  56	 biotin   	 Q07011 	 TNFRSF9  	 Tumor necrosis factor receptor superfamily member 9         	 Homo sapiens	 6A3W      	 C            	         2.00	 X-RAY DIFFRACTION  	 2018-10-10      	    0.963	    0.844	 24-180                 	 NP_001552.2              	 1-186       	 24-180               	 10041-H08H-B   	 https://www.sinobiological.com/recombinant-proteins/human-cd137-10041-h08h-b           	 True        	                18.7 	 Lyophilized                         	 HEK293 Cells    	 His Tag                         	            	                        	          	          	 Sterile PBS                                               	                          	 -20℃ to -80℃	           95.0	                 1.0	 ELISA
  57	 biotin   	 Q5VWK5 	 IL23R    	 Interleukin-23 receptor                                     	 Homo sapiens	 6WDQ      	 C            	         3.40	 X-RAY DIFFRACTION  	 2021-02-24      	    0.958	    0.833	 24-317                 	 AAM44229.1               	 1-353       	 24-317               	 13840-H41H-B   	 https://www.sinobiological.com/recombinant-proteins/human-il23-receptor-13840-h41h-b   	 True        	                66.41	 Lyophilized                         	 HEK293 Cells    	 hFc & AVI Tag                   	            	                        	          	          	 PBS, pH 7.4                                               	 Refer to lot-specific COA	 -20℃ to -80℃	           90.0	                 1.0	 Binding assay, SDS-PAGE
  58	 biotin   	 P26842 	 CD27     	 CD27 antigen                                                	 Homo sapiens	 8DS5      	 A            	         1.93	 X-RAY DIFFRACTION  	 2022-09-28      	    0.957	    0.818	 21-177                 	 NP_001233.1              	 1-192       	 21-177               	 10039-H41H-B   	 https://www.sinobiological.com/recombinant-proteins/human-cd27-10039-h41h-b            	 True        	                47.8 	 Lyophilized                         	 HEK293 Cells    	 hFc & AVI Tag                   	            	                        	          	          	 PBS, pH 7.4                                               	                          	 -20℃ to -80℃	           95.0	                 1.0	 Functional ELISA, SEC-HPLC
  59	 biotin   	 Q8NBP7 	 PCSK9    	 Proprotein convertase subtilisin/kexin type 9               	 Homo sapiens	 2PMW      	 B            	         2.30	 X-RAY DIFFRACTION  	 2007-05-08      	    1.000	    0.780	 153-692                	 NP_777596.2              	 1-692       	 153-692              	 29698-H05H1-B  	 https://www.sinobiological.com/recombinant-proteins/human-pcsk9-29698-h05h1-b          	 True        	                97.5 	 Lyophilized                         	 HEK293 Cells    	 mFc Tag                         	            	                        	          	          	 PBS, pH 7.4                                               	 Refer to lot-specific COA	 -20℃ to -80℃	           85.0	                 1.0	 SDS-PAGE
  60	 biotin   	 P16410 	 CTLA4    	 Cytotoxic T-lymphocyte protein 4                            	 Homo sapiens	 5GGV      	 Y            	         2.00	 X-RAY DIFFRACTION  	 2016-11-09      	    1.000	    0.778	 36-161                 	 NP_005205.2              	 1-162       	 36-161               	 11159-H08H-B   	 https://www.sinobiological.com/recombinant-proteins/human-ctla-4-11159-h08h-b          	 True        	                15.0 	 Lyophilized                         	 HEK293 Cells    	 His Tag                         	            	                        	          	          	 PBS, pH 7.4                                               	                          	 -20℃ to -80℃	           90.0	                 1.0	 SDS-PAGE, Binding to Ipilimumab
  61	 biotin   	 Q7Z6A9 	 BTLA     	 B- and T-lymphocyte attenuator                              	 Homo sapiens	 6NYP      	 A            	         2.70	 X-RAY DIFFRACTION  	 2019-05-29      	    0.972	    0.776	 31-134                 	 NP_001078826.1           	 1-134       	 31-134               	 11895-H41H-B   	 https://www.sinobiological.com/recombinant-proteins/human-btla-11895-h41h-b            	 True        	                40.6 	 Lyophilized                         	 HEK293 Cells    	 hFc & AVI Tag                   	            	                        	          	          	 PBS, pH 7.4                                               	 Refer to lot-specific COA	 -20℃ to -80℃	           95.0	                 1.0	 SDS-PAGE, SEC-HPLC, HABA assay
  62	 biotin   	 P29317 	 EPHA2    	 Ephrin type-A receptor 2                                    	 Homo sapiens	 3MX0      	 A            	         3.51	 X-RAY DIFFRACTION  	 2010-06-30      	    1.000	    0.766	 27-435                 	 NP_004422.2              	 1-534       	 27-435               	 13926-H27H-B   	 https://www.sinobiological.com/recombinant-proteins/human-epha2-13926-h27h-b           	 True        	                59.4 	 Lyophilized                         	 HEK293 Cells    	 His Tag, AVI Tag                	            	                        	          	          	 PBS, pH 7.4                                               	                          	 -20℃ to -80℃	           95.0	                 1.0	 SDS-PAGE, SEC-HPLC, ELISA
  63	 biotin   	 P19438 	 TNFRSF1A 	 Tumor necrosis factor receptor superfamily member 1A        	 Homo sapiens	 1EXT      	 A            	         1.85	 X-RAY DIFFRACTION  	 1997-01-11      	    0.994	    0.763	 41-201                 	 NP_001056.1              	 1-211       	 41-201               	 10872-H27H-B   	 https://www.sinobiological.com/recombinant-proteins/human-tnfrsf1a-10872-h27h-b        	 True        	                24.5 	 Lyophilized                         	 HEK293 Cells    	 AVI Tag, His Tag                	            	                        	          	          	 PBS, pH 7.4                                               	 Refer to lot-specific COA	 -20℃ to -80℃	           95.0	                 1.0	 SDS-PAGE, SEC-HPLC, ELISA, HABA assay
  64	 biotin   	 P11362 	 FGFR1    	 Fibroblast growth factor receptor 1                         	 Homo sapiens	 1EVT      	 C            	         2.80	 X-RAY DIFFRACTION  	 2000-05-31      	    0.960	    0.758	 59-274                 	 NP_075594.1              	 1-285       	 59-274               	 10616-H08H-B   	 https://www.sinobiological.com/recombinant-proteins/human-fgfr1-10616-h08h-b           	 True        	                31.0 	 Lyophilized                         	 HEK293 Cells    	 His Tag                         	            	                        	          	          	 PBS, pH 7.4                                               	                          	 -20℃ to -80℃	           95.0	                 1.0	 
  65	 biotin   	 O14763 	 TNFRSF10B	 Tumor necrosis factor receptor superfamily member 10B       	 Homo sapiens	 1DU3      	 A            	         2.20	 X-RAY DIFFRACTION  	 2000-09-27      	    1.000	    0.709	 54-182                 	 NP_003833.3              	 1-182       	 54-183               	 10465-H08H-B   	 https://www.sinobiological.com/recombinant-proteins/human-dr5-trail-r2-10465-h08h-b    	 True        	                15.8 	 Lyophilized                         	 HEK293 Cells    	 His Tag                         	            	                        	          	          	 PBS, pH 7.4                                               	 Refer to lot-specific COA	 -20℃ to -80℃	           95.0	                 1.0	 SDS-PAGE, SEC-HPLC
  66	 biotin   	 Q02763 	 TEK      	 Angiopoietin-1 receptor                                     	 Homo sapiens	 4K0V      	 A            	         4.51	 X-RAY DIFFRACTION  	 2013-05-08      	    0.983	    0.698	 23-542                 	 AAA61139.1               	 1-745       	 23-542               	 10700-H08H-B   	 https://www.sinobiological.com/recombinant-proteins/human-tie2-10700-h08h-b            	 True        	                82.0 	 Lyophilized                         	 HEK293 Cells    	 His Tag                         	            	                        	          	          	 PBS, pH 7.4                                               	                          	 -20℃ to -80℃	           95.0	                 1.0	 
  67	 biotin   	 P43489 	 TNFRSF4  	 Tumor necrosis factor receptor superfamily member 4         	 Homo sapiens	 2HEY      	 R            	         2.00	 X-RAY DIFFRACTION  	 2006-08-29      	    0.973	    0.657	 29-170                 	 NP_003318.1              	 1-216       	 29-170               	 10481-H49H-B   	 https://www.sinobiological.com/recombinant-proteins/human-ox40-10481-h49h-b            	 True        	                23.34	 Lyophilized                         	 HEK293 Cells    	 His Tag, AVI Tag                	            	                        	          	          	 PBS, pH 7.4                                               	                          	 -20℃ to -80℃	           95.0	                 1.0	 SDS-PAGE, SEC-HPLC, SEC-MALS, ELISA
  68	 biotin   	 Q9NZC2 	 TREM2    	 Triggering receptor expressed on myeloid cells 2            	 Homo sapiens	 6YYE      	 A            	         3.36	 X-RAY DIFFRACTION  	 2021-02-17      	    0.974	    0.649	 19-131                 	 NP_061838.1              	 1-174       	 19-131               	 11084-H49H-B   	 https://www.sinobiological.com/recombinant-proteins/human-trem-2-11084-h49h-b          	 True        	                20.69	 Lyophilized                         	 HEK293 Cells    	 His Tag, AVI Tag                	            	                        	          	          	 PBS, pH 7.4                                               	                          	 -20℃ to -80℃	           95.0	                 1.0	 SDS-PAGE, SEC-HPLC
  69	 biotin   	 P02649 	 APOE     	 Apolipoprotein E                                            	 Homo sapiens	 1NFN      	 A            	         1.80	 X-RAY DIFFRACTION  	 1997-01-27      	    1.000	    0.639	 19-209                 	 P02649                   	 19-317      	 19-209               	 10817-H30E-B   	 https://www.sinobiological.com/recombinant-proteins/human-apolipoprotein-e-10817-h30e-b	 True        	                51.3 	 Lyophilized from sterile PBS, pH 7.4	 E. coli         	 His & Trx Tag                   	            	                        	          	          	 PBS, pH 7.4 (with trehalose, mannitol, Tween80)           	 Refer to lot-specific COA	 -20℃ to -80℃	           75.0	                    	 
  70	 biotin   	 P21802 	 FGFR2    	 Fibroblast growth factor receptor 2                         	 Homo sapiens	 1NUN      	 B            	         2.90	 X-RAY DIFFRACTION  	 2003-02-11      	    1.000	    0.608	 140-369                	 NP_075259.4              	 1-378       	 140-369              	 16485-H49H-B   	 https://www.sinobiological.com/recombinant-proteins/human-fgfr2-16485-h49h-b           	 True        	                42.88	 Lyophilized                         	 HEK293 Cells    	 His & AVI Tag                   	            	                        	          	          	 PBS, pH 7.4                                               	                          	 -20℃ to -80℃	           95.0	                 1.0	 SDS-PAGE, SEC-HPLC
  71	 biotin   	 Q96NY8 	 NECTIN4  	 Nectin-4                                                    	 Homo sapiens	 4FRW      	 A            	         3.50	 X-RAY DIFFRACTION  	 2012-08-22      	    0.972	    0.607	 32-243                 	 NP_112178.2              	 1-349       	 32-243               	 19771-H41H-B   	 https://www.sinobiological.com/recombinant-proteins/human-nectin4-nectin-4-19771-h41h-b	 True        	                62.65	 Lyophilized                         	 HEK293 Cells    	 hFc & AVI Tag                   	            	                        	          	          	 PBS, pH 7.4                                               	 Refer to lot-specific COA	 -20℃ to -80℃	           95.0	                 1.0	 ELISA
  72	 biotin   	 P22455 	 FGFR4    	 Fibroblast growth factor receptor 4                         	 Homo sapiens	 7YSW      	 C            	         3.03	 ELECTRON MICROSCOPY	 2023-06-14      	    1.000	    0.577	 142-354                	 NP_002002.3              	 1-369       	 142-354              	 10538-H08H-B   	 https://www.sinobiological.com/recombinant-proteins/human-fgfr4-10538-h08h-b           	 True        	                40.0 	 Lyophilized                         	 HEK293 Cells    	 His Tag                         	            	                        	          	          	 PBS                                                       	 Refer to lot-specific COA	 -20℃ to -80℃	           90.0	                 1.0	 SDS-PAGE
  73	 biotin   	 Q8TDQ0 	 HAVCR2   	 Hepatitis A virus cellular receptor 2                       	 Homo sapiens	 7M3Z      	 A            	         1.40	 X-RAY DIFFRACTION  	 2021-10-13      	    1.000	    0.545	 22-130                 	 AAL65157.1               	 1-200       	 22-130               	 10390-H08H-B   	 https://www.sinobiological.com/recombinant-proteins/human-tim-3-10390-h08h-b           	 True        	                21.3 	 Lyophilized                         	 HEK293 Cells    	 His Tag                         	            	                        	          	          	 PBS, pH 7.4                                               	 Refer to lot-specific COA	 -20℃ to -80℃	           80.0	                 1.0	 SDS-PAGE
  74	 biotin   	 Q8N423 	 LILRB2   	 Leukocyte immunoglobulin-like receptor subfamily B member 2 	 Homo sapiens	 2GW5      	 A            	         1.80	 X-RAY DIFFRACTION  	 2006-06-20      	    1.000	    0.427	 24-220                 	 AAH36827.1               	 1-461       	 24-220               	 14132-H49H-B   	 https://www.sinobiological.com/recombinant-proteins/human-ilt4-14132-h49h-b            	 True        	                51.06	 Lyophilized                         	 HEK293 Cells    	 His Tag, AVI Tag                	            	                        	          	          	 20mM Tris, 150mM NaCl, 0.02% Tween80, 10% Glycerol, pH 8.5	 Refer to lot-specific COA	 -20℃ to -80℃	           95.0	                 1.0	 SDS-PAGE, SEC-HPLC, HABA assay
  75	 biotin   	 Q8NHJ6 	 LILRB4   	 Leukocyte immunoglobulin-like receptor subfamily B member 4 	 Homo sapiens	 6K7O      	 A            	         3.00	 X-RAY DIFFRACTION  	 2019-07-03      	    1.000	    0.367	 24-118                 	 NP_001265357.2           	 1-259       	 24-118               	 16742-H49H-B   	 https://www.sinobiological.com/recombinant-proteins/human-ilt3-16742-h49h-b            	 True        	                29.52	 Lyophilized                         	 HEK293 Cells    	 His Tag, AVI Tag                	            	                        	          	          	 PBS, pH 7.4                                               	                          	 -20℃ to -80℃	           95.0	                 1.0	 SDS-PAGE, SEC-HPLC
  76	 biotin   	 Q92692 	 NECTIN2  	 Nectin-2                                                    	 Homo sapiens	 3R0N      	 A            	         1.30	 X-RAY DIFFRACTION  	 2011-04-27      	    0.992	    0.353	 32-158                 	 NP_002847.1              	 1-360       	 32-158               	 10005-H49H-B   	 https://www.sinobiological.com/recombinant-proteins/human-nectin-2-10005-h49h-b        	 True        	                38.8 	 Lyophilized                         	 HEK293 Cells    	 His Tag, AVI Tag                	            	                        	          	          	 PBS, pH 7.4                                               	 Refer to lot-specific COA	 -20℃ to -80℃	           95.0	                 1.0	 ELISA
  77	 biotin   	 Q92692 	 NECTIN2  	 Nectin-2                                                    	 Homo sapiens	 3R0N      	 A            	         1.30	 X-RAY DIFFRACTION  	 2011-04-27      	    0.992	    0.353	 32-158                 	 NP_002847.1              	 1-360       	 32-158               	 10005-H49H-B   	 https://www.sinobiological.com/recombinant-proteins/human-nectin-2-10005-h49h-b        	 True        	                38.8 	 Lyophilized                         	 HEK293 Cells    	 His Tag, AVI Tag                	            	                        	          	          	 PBS, pH 7.4                                               	 Refer to lot-specific COA	 -20℃ to -80℃	           95.0	                 1.0	 ELISA
  78	 biotin   	 Q16620 	 NTRK2    	 BDNF/NT-3 growth factors receptor                           	 Homo sapiens	 5MO9      	 X            	         2.59	 X-RAY DIFFRACTION  	 2017-08-02      	    0.987	    0.347	 278-426                	 NP_001007098.1           	 1-430       	 278-426              	 10047-H08H-B   	 https://www.sinobiological.com/recombinant-proteins/human-trkb-10047-h08h-b            	 True        	                45.66	 Lyophilized                         	 HEK293 Cells    	 His Tag                         	            	                        	          	          	 PBS, pH 7.4                                               	 Refer to lot-specific COA	 -20℃ to -80℃	           95.0	                 1.0	 Binding assay
  79	 biotin   	 P54760 	 EPHB4    	 Ephrin type-B receptor 4                                    	 Homo sapiens	 2BBA      	 A            	         1.65	 X-RAY DIFFRACTION  	 2006-07-18      	    0.973	    0.334	 17-196                 	 NP_004435.3              	 1-539       	 17-196               	 10235-H08H-B   	 https://www.sinobiological.com/recombinant-proteins/human-ephb4-10235-h08h-b           	 True        	                58.5 	 Lyophilized                         	 HEK293 Cells    	 His Tag                         	            	                        	          	          	 Sterile PBS                                               	                          	 -20℃ to -80℃	           95.0	                 1.0	 SDS-PAGE
  80	 biotin   	 P35916 	 FLT4     	 Vascular endothelial growth factor receptor 3               	 Homo sapiens	 4BSJ      	 A            	         2.50	 X-RAY DIFFRACTION  	 2013-07-31      	    0.966	    0.289	 330-553                	 NP_002011.2              	 1-776       	 330-553              	 10806-H27H-B   	 https://www.sinobiological.com/recombinant-proteins/human-vegfr3-flt4-10806-h27h-b     	 True        	                87.8 	 Lyophilized                         	 HEK293 Cells    	 Avi tag, His tag                	            	                        	          	          	 PBS, pH 7.4                                               	 Refer to lot-specific COA	 -20℃ to -80℃	           95.0	                 1.0	 SDS-PAGE, SEC-HPLC, Functional ELISA
  81	 biotin   	 P06731 	 CEACAM5  	 Cell adhesion molecule CEACAM5                              	 Homo sapiens	 8BW0      	 C            	         3.11	 ELECTRON MICROSCOPY	 2024-01-24      	    0.969	    0.273	 499-685                	 NP_004354.2              	 1-685       	 499-685              	 11077-H41H-B   	 https://www.sinobiological.com/recombinant-proteins/human-ceacam5-11077-h41h-b         	 True        	                99.87	 Lyophilized                         	 HEK293 Cells    	 hFc & AVI Tag                   	            	                        	          	          	 PBS, pH 7.4                                               	                          	 -20℃ to -80℃	           95.0	                 1.0	 SDS-PAGE, SEC-HPLC, HABA assay
  82	 biotin   	 Q9BY67 	 CADM1    	 Cell adhesion molecule 1                                    	 Homo sapiens	 4H5S      	 B            	         1.70	 X-RAY DIFFRACTION  	 2013-08-07      	    0.990	    0.267	 45-144                 	 NP_055148.3              	 1-374       	 45-144               	 11168-H08H-B   	 https://www.sinobiological.com/recombinant-proteins/human-cadm1-11168-h08h-b           	 True        	                38.49	 Lyophilized                         	 HEK293 Cells    	 His Tag                         	            	                        	          	          	 PBS, pH 7.4                                               	                          	 -20℃ to -80℃	           90.0	                 1.0	 SDS-PAGE, ELISA, BLI
  83	 biotin   	 Q01973 	 ROR1     	 Inactive tyrosine-protein kinase transmembrane receptor ROR1	 Homo sapiens	 6BA5      	 M            	         1.62	 X-RAY DIFFRACTION  	 2018-06-13      	    0.988	    0.201	 311-391                	 NP_005003.2              	 1-403       	 311-391              	 13968-H41H-B   	 https://www.sinobiological.com/recombinant-proteins/human-ror1-13968-h41h-b            	 True        	                70.53	 Lyophilized                         	 HEK293 Cells    	 AVI Tag, Fc region of human IgG1	            	                        	          	          	 PBS, pH 7.4                                               	                          	 -20℃ to -80℃	           95.0	                 1.0	 SDS-PAGE, SEC-HPLC, HABA assay
  84	 biotin   	 P18827 	 SDC1     	 Syndecan-1                                                  	 Homo sapiens	 6EJE      	 B            	         2.43	 X-RAY DIFFRACTION  	 2018-05-02      	    1.000	    0.048	 201-212                	 NP_002988.3              	 1-251       	 201-212              	 11429-H49H-B   	 https://www.sinobiological.com/recombinant-proteins/human-syndecan-1-cd138-11429-h49h-b	 True        	                27.38	 Lyophilized                         	 HEK293 Cells    	 His Tag, AVI Tag                	            	                        	          	          	 PBS, pH 7.4                                               	 Refer to lot-specific COA	 -20℃ to -80℃	           95.0	                 1.0	 
  85	 biotin   	 P17948 	 FLT1     	 Vascular endothelial growth factor receptor 1               	 Homo sapiens	 5EX3      	 D            	         2.41	 X-RAY DIFFRACTION  	 2016-03-09      	    1.000	    0.000	 None                   	 NP_034358.2              	 1-759       	 828-836              	 51045-M49H-B   	 https://www.sinobiological.com/recombinant-proteins/mouse-flt1-51045-m49h-b            	 True        	                88.34	 Lyophilized                         	 HEK293 Cells    	 His Tag, AVI Tag                	            	                        	          	          	 PBS, pH 7.4                                               	                          	 -20℃ to -80℃	           95.0	                 1.0	 SDS-PAGE, ELISA
