target_name	antigen_url	sku	species	expression_host	tags	gene_symbol	protein_name
14-3-3 epsilon	https://www.sinobiological.com/search?keywords=50691-M09E-B	50691-M09E-B	Mouse		N-GST		14-3-3 epsilon (Biotinylated)
2B4/CD244	https://www.sinobiological.com/search?keywords=10042-H41H-B	10042-H41H-B	Human		C-hFc & AVI		2B4/CD244 (Biotinylated)
4-1BB Ligand/TNFSF9	https://www.sinobiological.com/search?keywords=15693-H42H-B	15693-H42H-B	Human		N-AVI & hFc		4-1BB Ligand/TNFSF9 (Biotinylated)
4-1BB/CD137	https://www.sinobiological.com/search?keywords=10041-H08H-B	10041-H08H-B	Human		C-His		4-1BB/CD137 (Amine-Labeled Biotinylated, HPLC-verified)
5'-nucleotidase/CD73/NT5E	https://www.sinobiological.com/search?keywords=10904-H49H-B	10904-H49H-B	Human		C-His-AVI		5'-nucleotidase/CD73/NT5E (Biotinylated, HPLC-verified)
A27L Protein	https://www.sinobiological.com/search?keywords=41038-V44E-B	41038-V44E-B	"MPXV
strain Zaire-96-I-16"		N-AVI-His		A27L Protein (Avi-tag Biotinylated, HPLC-verified)
ACE2	https://www.sinobiological.com/search?keywords=10108-H27B-B	10108-H27B-B	Human		C-AVI & His		ACE2 (Biotinylated)
ACVR2B	https://www.sinobiological.com/search?keywords=10229-H08H-B	10229-H08H-B	Human		C-His		ACVR2B (Biotinylated, HPLC-verified)
AMIGO2	https://www.sinobiological.com/search?keywords=13735-H08H-B	13735-H08H-B	Human		C-His		AMIGO2 (Amine-Labeled Biotinylated)
APRIL/TNFSF13	https://www.sinobiological.com/search?keywords=10610-H44H1-B	10610-H44H1-B	Human		N-AVI-His		APRIL/TNFSF13 (Avi-tag Biotinylated, MALS-verified)
ARF1	https://www.sinobiological.com/search?keywords=14968-H49E-B	14968-H49E-B	Human		C-His-AVI		ARF1 (Biotinylated, HPLC-verified)
ASGR1	https://www.sinobiological.com/search?keywords=50083-M07H-B	50083-M07H-B	Mouse		N-His		ASGR1 (Amine-Labeled Biotinylated)
ATP6V1F	https://www.sinobiological.com/search?keywords=15605-H09E-B	15605-H09E-B	Human		N-GST		ATP6V1F (Biotinylated)
Albumin	https://www.sinobiological.com/search?keywords=10968-HNAY2-B	10968-HNAY2-B	Human		No tag		Albumin (Amine-Labeled Biotinylated)
Alkaline Phosphatase/ALPL	https://www.sinobiological.com/search?keywords=10440-H17H-B	10440-H17H-B	Human		C-AVI		Alkaline Phosphatase/ALPL (Avi-tag Biotinylated, HPLC-verified)
Angiopoietin-2/ANGPT2	https://www.sinobiological.com/search?keywords=10691-H08S-B	10691-H08S-B	Human		C-His		Angiopoietin-2/ANGPT2 (Amine-Labeled Biotinylated)
Annexin V/ANXA5	https://www.sinobiological.com/search?keywords=10448-HNAE-B	10448-HNAE-B	Human		No tag		Annexin V/ANXA5 (Amine-Labeled Biotinylated)
Apolipoprotein E/APOE	https://www.sinobiological.com/search?keywords=10817-H30E-B	10817-H30E-B	Human		N-Trx		Apolipoprotein E/APOE (isoform E3,Amine-Labeled Biotinylated)
B6R Protein	https://www.sinobiological.com/search?keywords=40902-V08H-B	40902-V08H-B	"MPXV
West African strains"		C-His		B6R Protein (Amine-Labeled Biotinylated)
B7-1/CD80	https://www.sinobiological.com/search?keywords=10698-H49H-B	10698-H49H-B	Human		C-His-AVI		B7-1/CD80 (HPLC-verified, Biotinylated)
B7-2/CD86	https://www.sinobiological.com/search?keywords=10699-H49H-B	10699-H49H-B	Human		C-His-AVI		B7-2/CD86 (Biotinylated)
B7-H2/ICOSLG	https://www.sinobiological.com/search?keywords=11559-H08H-B	11559-H08H-B	Human		C-His		B7-H2/ICOSLG (Amine-Labeled Biotinylated)
B7-H3	https://www.sinobiological.com/search?keywords=50973-M08H-B	50973-M08H-B	Mouse		C-His		B7-H3 (Amine-Labeled Biotinylated)
B7-H4	https://www.sinobiological.com/search?keywords=10738-H27H-B	10738-H27H-B	Human		C-AVI & His		B7-H4 (Biotinylated, HPLC-verified)
B7-H6/NCR3LG1	https://www.sinobiological.com/search?keywords=16140-H08H-B	16140-H08H-B	Human		C-His		B7-H6/NCR3LG1 (Amine-Labeled Biotinylated)
B7-H7/HHLA2	https://www.sinobiological.com/search?keywords=16139-H08H-B	16139-H08H-B	Human		C-His		B7-H7/HHLA2 (Amine-Labeled Biotinylated)
BAFF/BLyS/TNFSF13B	https://www.sinobiological.com/search?keywords=10056-H42H-B	10056-H42H-B	Human		N-AVI & hFc		BAFF/BLyS/TNFSF13B (Biotinylated, Trimer, MALS-verified)
BAFFR/TNFRSF13C	https://www.sinobiological.com/search?keywords=16079-H41H-B	16079-H41H-B	Human		C-hFc & AVI		BAFFR/TNFRSF13C (Biotinylated, HPLC-verified)
BCMA	https://www.sinobiological.com/search?keywords=50076-M42H-B	50076-M42H-B	Mouse		C-hFc & AVI		BCMA (Biotinylated)
BTLA	https://www.sinobiological.com/search?keywords=11895-H41H-B	11895-H41H-B	Human		C-hFc & AVI		BTLA (Biotinylated, HPLC-verified)
BTN1A1/Butyrophilin	https://www.sinobiological.com/search?keywords=30072-H27H-B	30072-H27H-B	Human		C-AVI & His		BTN1A1/Butyrophilin (Biotinylated, HPLC-verified)
C-Reactive Protein	https://www.sinobiological.com/search?keywords=11250-HNAH-B	11250-HNAH-B	Human		No tag		C-Reactive Protein (Amine-Labeled Biotinylated, HPLC-verified)
CADM1	https://www.sinobiological.com/search?keywords=11168-H08H-B	11168-H08H-B	Human		C-His		CADM1 (Amine-Labeled Biotinylated)
CCR6	"https://www.sinobiological.com/search?keywords=11438-H113H-
DD-B"	"11438-H113H-
DD-B"	Human		N-Flag-Strep & C-AVI		CCR6 (Detergent,Avi-tag Biotinylated)
CD10/Neprilysin	https://www.sinobiological.com/search?keywords=10805-HNCH-B	10805-HNCH-B	Human		No tag		CD10/Neprilysin (Biotinylated)
CD146/MCAM	https://www.sinobiological.com/search?keywords=10115-H08H-B	10115-H08H-B	Human		C-His		CD146/MCAM (Amine-Labeled Biotinylated)
CD147/Basigin/EMMPRIN	https://www.sinobiological.com/search?keywords=10186-H49H-B	10186-H49H-B	Human		C-His-AVI		CD147/Basigin/EMMPRIN (Avi-tag Biotinylated, HPLC-verified)
CD155/PVR	https://www.sinobiological.com/search?keywords=50259-M41H-B	50259-M41H-B	Mouse		C-hFc & AVI		CD155/PVR (Biotinylated, HPLC-verified)
CD16-2/FCGR4/Fc gamma RIV	https://www.sinobiological.com/search?keywords=50036-M27H-B	50036-M27H-B	Mouse		C-AVI & His		CD16-2/FCGR4/Fc gamma RIV (Biotinylated)
CD16/FCGR3/Fc gamma RIII	https://www.sinobiological.com/search?keywords=50326-M27H-B	50326-M27H-B	Mouse		C-AVI & His		CD16/FCGR3/Fc gamma RIII (Biotinylated, HPLC-verified)
CD16a/FCGR3A/Fc gamma RIIIA	https://www.sinobiological.com/search?keywords=10389-H27H1-B	10389-H27H1-B	Human		C-AVI & His		CD16a/FCGR3A/Fc gamma RIIIA (V176,Biotinylated, HPLC-verified)
CD16b/FCGR3B/Fc gamma RIIIB	https://www.sinobiological.com/search?keywords=11046-H27H-B	11046-H27H-B	Human		C-AVI & His		CD16b/FCGR3B/Fc gamma RIIIB (NA2 allotype,Biotinylated, HPLC-verified)
CD19	https://www.sinobiological.com/search?keywords=11880-H08H-B	11880-H08H-B	Human		C-His		CD19 (Amine-Labeled Biotinylated)
CD20	https://www.sinobiological.com/search?keywords=11007-H34E-B	11007-H34E-B	Human		N-TrxA		CD20 (Amine-Labeled Biotinylated)
CD200	https://www.sinobiological.com/search?keywords=10886-H49H-B	10886-H49H-B	Human		C-His-AVI		CD200 (Biotinylated, HPLC-verified)
CD24	https://www.sinobiological.com/search?keywords=11030-H41H-B	11030-H41H-B	Human		C-hFc & AVI		CD24 (Biotinylated, HPLC-verified)
CD25/IL-2R alpha	https://www.sinobiological.com/search?keywords=10165-H27H-B	10165-H27H-B	Human		C-AVI & His		CD25/IL-2R alpha (Biotinylated, HPLC-verified)
CD27/TNFRSF7	https://www.sinobiological.com/search?keywords=10039-H41H-B	10039-H41H-B	Human		C-hFc & AVI		CD27/TNFRSF7 (Biotinylated, HPLC-verified)
CD277/BTN3A1	https://www.sinobiological.com/search?keywords=15973-H08H-B	15973-H08H-B	Human		C-His		CD277/BTN3A1 (Amine-Labeled Biotinylated)
CD28	https://www.sinobiological.com/search?keywords=11524-H41H-B	11524-H41H-B	Human		C-hFc & AVI		CD28 (Dimer,Biotinylated, HPLC-verified)
CD28H/IGPR-1/TMIGD2	https://www.sinobiological.com/search?keywords=13820-H27H-B	13820-H27H-B	Human		C-AVI & His		CD28H/IGPR-1/TMIGD2 (Biotinylated, HPLC-verified)
CD3 delta/CD3D	https://www.sinobiological.com/search?keywords=10981-H23H-B	10981-H23H-B	Human		C-hFc & Flag		CD3 delta/CD3D (Amine-Labeled Biotinylated)
CD3 epsilon/CD3e	https://www.sinobiological.com/search?keywords=10977-H08S-B	10977-H08S-B	Human		C-His		CD3 epsilon/CD3e (Amine-Labeled Biotinylated)
CD30/TNFRSF8	https://www.sinobiological.com/search?keywords=10777-H41H-B	10777-H41H-B	Human		C-hFc & AVI		CD30/TNFRSF8 (Biotinylated)
CD32A/FCGR2A	https://www.sinobiological.com/search?keywords=10374-H27H1-B	10374-H27H1-B	Human		C-AVI & His		CD32A/FCGR2A (H167,Biotinylated, HPLC-verified)
CD32B/Fcgr2b	https://www.sinobiological.com/search?keywords=10259-H27H-B	10259-H27H-B	Human		C-AVI & His		CD32B/Fcgr2b (Biotinylated, HPLC-verified)
CD34	https://www.sinobiological.com/search?keywords=10103-H02H-B	10103-H02H-B	Human		C-hFc		CD34 (Amine-Labeled Biotinylated)
CD36	https://www.sinobiological.com/search?keywords=10752-H49H-B	10752-H49H-B	Human		C-His-AVI		CD36 (Biotinylated, HPLC-verified)
CD38	https://www.sinobiological.com/search?keywords=10818-H41H-B	10818-H41H-B	Human		C-hFc & AVI		CD38 (Biotinylated, HPLC-verified)
CD3D & CD3E Heterodimer	https://www.sinobiological.com/search?keywords=CT038-H2508H-B	CT038-H2508H-B	Human		C-Flag & His		CD3D & CD3E Heterodimer (Amine-Labeled Biotinylated, HPLC-verified)
CD3E & CD3G Heterodimer	https://www.sinobiological.com/search?keywords=CT123-H49H-B	CT123-H49H-B	Human		C-His-AVI		CD3E & CD3G Heterodimer (Avi-tag Biotinylated, HPLC-verified)
CD4	https://www.sinobiological.com/search?keywords=10400-H08H-B	10400-H08H-B	Human		C-His		CD4 (Amine-Labeled Biotinylated, HPLC-verified)
CD40 Ligand/TNFSF5	https://www.sinobiological.com/search?keywords=10239-H42H-B	10239-H42H-B	Human		N-hFc & AVI		CD40 Ligand/TNFSF5 (Biotinylated)
CD40/TNFRSF5	https://www.sinobiological.com/search?keywords=50324-M49H-B	50324-M49H-B	Mouse		C-His-AVI		CD40/TNFRSF5 (Biotinylated)
CD42b/GP1BA	https://www.sinobiological.com/search?keywords=11765-H08H-B	11765-H08H-B	Human		C-His		CD42b/GP1BA (Amine-Labeled Biotinylated)
CD45	https://www.sinobiological.com/search?keywords=14197-H49H-B	14197-H49H-B	Human		C-His-AVI		CD45 (Biotinylated, HPLC-verified)
CD47	https://www.sinobiological.com/search?keywords=12283-HCCH-B	12283-HCCH-B	Human		No tag		CD47 (Amine-Labeled Biotinylated, HPLC-verified)
CD48	https://www.sinobiological.com/search?keywords=10797-H41H-B	10797-H41H-B	Human		C-hFc & AVI		CD48 (Biotinylated)
CD5	https://www.sinobiological.com/search?keywords=11027-H27H-B	11027-H27H-B	Human		C-AVI & His		CD5 (Biotinylated, HPLC-verified)
CD52	https://www.sinobiological.com/search?keywords=15105-H41H-B	15105-H41H-B	Human		C-hFc & AVI		CD52 (Biotinylated)
CD6	https://www.sinobiological.com/search?keywords=17051-H49H-B	17051-H49H-B	Human		C-His-AVI		CD6 (Biotinylated, HPLC-verified)
CD63	https://www.sinobiological.com/search?keywords=11271-H49H-B	11271-H49H-B	Human		C-His-AVI		CD63 (Biotinylated, HPLC-verified)
CD64/FCGR1	https://www.sinobiological.com/search?keywords=10256-H27H-B	10256-H27H-B	Human		C-AVI & His		CD64/FCGR1 (Biotinylated, HPLC-verified)
CD68	https://www.sinobiological.com/search?keywords=80307-RNAH-B	80307-RNAH-B	Rat		No tag		CD68 (Biotinylated)
CD7	https://www.sinobiological.com/search?keywords=50393-M49H-B	50393-M49H-B	Mouse		C-His-AVI		CD7 (Biotinylated)
CD70/CD27 Ligand	https://www.sinobiological.com/search?keywords=10780-H42H-B	10780-H42H-B	Human		N-hFc & AVI		CD70/CD27 Ligand (Biotinylated)
CD8 alpha	https://www.sinobiological.com/search?keywords=50389-M08H-B	50389-M08H-B	Mouse		C-His		CD8 alpha (Amine-Labeled Biotinylated)
CD8 beta	https://www.sinobiological.com/search?keywords=11031-HCCH-B	11031-HCCH-B	Human		No tag		CD8 beta (Amine-Labeled Biotinylated)
CD89/FCAR	https://www.sinobiological.com/search?keywords=91030-K49H1-B	91030-K49H1-B	Rhesus		C-His-AVI		CD89/FCAR (Biotinylated, HPLC-verified)
CD8A & CD8B Heterodimer	https://www.sinobiological.com/search?keywords=CT077-C2508H-B	CT077-C2508H-B	Cynomolgus		C-Flag & His		CD8A & CD8B Heterodimer (Biotinylated)
CD96	https://www.sinobiological.com/search?keywords=11202-H41H-B	11202-H41H-B	Human		C-hFc & AVI		CD96 (Biotinylated)
CD98	https://www.sinobiological.com/search?keywords=12206-H07H-B	12206-H07H-B	Human		N-His		CD98 (Amine-Labeled Biotinylated)
CDCP1	https://www.sinobiological.com/search?keywords=29794-H49H-B	29794-H49H-B	Human		C-His-AVI		CDCP1 (Avi-tag Biotinylated, HPLC-verified)
CEACAM-5/CD66e	https://www.sinobiological.com/search?keywords=11077-H08H-B	11077-H08H-B	Human		C-His		CEACAM-5/CD66e (Amine-Labeled Biotinylated, HPLC-verified)
CEACAM-6/CD66c	https://www.sinobiological.com/search?keywords=10823-H49H-B	10823-H49H-B	Human		C-His-AVI		CEACAM-6/CD66c (Biotinylated, HPLC-verified)
CEACAM-8/CD66b	https://www.sinobiological.com/search?keywords=11729-H27H-B	11729-H27H-B	Human		C-AVI & His		CEACAM-8/CD66b (Biotinylated)
CHIKV E2 glycoprotein	https://www.sinobiological.com/search?keywords=41094-V49H-B	41094-V49H-B	"CHIKV
UVE/CHIKV/2024/RE/CNR_79903"		C-His-AVI		CHIKV E2 glycoprotein (Avi-tag Biotinylated, HPLC-verified)
CLL-1/CLEC12A	https://www.sinobiological.com/search?keywords=11896-H42H-B	11896-H42H-B	Human		N-AVI & hFc		CLL-1/CLEC12A (Biotinylated, HPLC-verified)
CNTN6	https://www.sinobiological.com/search?keywords=29659-H49H-B	29659-H49H-B	Human		C-His-AVI		CNTN6 (Avi-tag Biotinylated, HPLC-verified)
CRTAM	https://www.sinobiological.com/search?keywords=11975-H08H-B	11975-H08H-B	Human		C-His		CRTAM (Biotinylated)
CTHRC1	https://www.sinobiological.com/search?keywords=11647-H49H-B	11647-H49H-B	Human		C-His-AVI		CTHRC1 (Biotinylated, HPLC-verified)
CTLA-4	https://www.sinobiological.com/search?keywords=11159-H08H-B	11159-H08H-B	Human		C-His		CTLA-4 (Amine-Labeled Biotinylated)
CXCR5	"https://www.sinobiological.com/search?keywords=18301-H113H-
DD-B"	"18301-H113H-
DD-B"	Human		N-Flag-Strep & C-AVI		CXCR5 (Detergent,Avi-tag Biotinylated)
CXCR6	"https://www.sinobiological.com/search?keywords=12504-H113H-
DD-B"	"12504-H113H-
DD-B"	Human		N-Flag-Strep & C-AVI		CXCR6 (Detergent,Avi-tag Biotinylated)
Cadherin-17	https://www.sinobiological.com/search?keywords=11360-H49H-B	11360-H49H-B	Human		C-His-AVI		Cadherin-17 (Biotinylated)
Carbonic Anhydrase IV/CA4	https://www.sinobiological.com/search?keywords=10472-H08S-B	10472-H08S-B	Human		C-His		Carbonic Anhydrase IV/CA4 (Amine-Labeled Biotinylated)
Carbonic Anhydrase IX/CA9	https://www.sinobiological.com/search?keywords=50660-M08H-B	50660-M08H-B	Mouse		C-His		Carbonic Anhydrase IX/CA9 (Amine-Labeled Biotinylated)
Carbonic Anhydrase XIV/CA14	https://www.sinobiological.com/search?keywords=10458-H08H-B	10458-H08H-B	Human		C-His		Carbonic Anhydrase XIV/CA14 (Amine-Labeled Biotinylated)
Chitinase 3-like 1/CHI3L1	https://www.sinobiological.com/search?keywords=11227-H49H-B	11227-H49H-B	Human		C-His-AVI		Chitinase 3-like 1/CHI3L1 (Avi-tag Biotinylated, HPLC-verified)
Claudin-4/CLDN4	"https://www.sinobiological.com/search?keywords=16358-H73H-
NA-B"	"16358-H73H-
NA-B"	Human		N-Avi & C-His		Claudin-4/CLDN4 (Nanodisc, Full-length,Avi-tag Biotinylated)
Claudin-6	"https://www.sinobiological.com/search?keywords=16658-H49H-
NA-B"	"16658-H49H-
NA-B"	Human		C-His-AVI		Claudin-6 (Biotinylated, Nanodisc)
Claudin-9	"https://www.sinobiological.com/search?keywords=21185-H49H-
NA-B"	"21185-H49H-
NA-B"	Human		C-His-AVI		Claudin-9 (Biotinylated, Nanodisc)
Complement C5	https://www.sinobiological.com/search?keywords=51136-MNAE-B	51136-MNAE-B	Mouse		No tag		Complement C5 (C5a,Amine-Labeled Biotinylated)
Contactin-1	https://www.sinobiological.com/search?keywords=91039-C49H-B	91039-C49H-B	Cynomolgus		C-His-AVI		Contactin-1 (Avi-tag Biotinylated, HPLC-verified)
Coronavirus Nucleocapsid	https://www.sinobiological.com/search?keywords=40588-V27B-B	40588-V27B-B	"SARS-CoV-2
SARS-CoV-2"		C-AVI & His		Coronavirus Nucleocapsid (Biotinylated)
Coronavirus spike	https://www.sinobiological.com/search?keywords=40592-V08B-B	40592-V08B-B	"SARS-CoV-2
SARS-CoV-2"		C-His		Coronavirus spike (RBD,Amine-Labeled Biotinylated)
Cortisol Binding Globulin/CBG	https://www.sinobiological.com/search?keywords=10998-H27H-B	10998-H27H-B	Human		C-AVI & His		Cortisol Binding Globulin/CBG (Biotinylated, HPLC-verified)
Cyclophilin A	https://www.sinobiological.com/search?keywords=10436-H44E-B	10436-H44E-B	Human		N-AVI-His		Cyclophilin A (Avi-tag Biotinylated, HPLC-verified)
DDR1	https://www.sinobiological.com/search?keywords=10730-H49H-B	10730-H49H-B	Human		C-His-AVI		DDR1 (Avi-tag Biotinylated, HPLC-verified)
DDR2	https://www.sinobiological.com/search?keywords=10209-H49H-B	10209-H49H-B	Human		C-His-AVI		DDR2 (Avi-tag Biotinylated, HPLC-verified)
DICR/CLEC4A	https://www.sinobiological.com/search?keywords=11476-H56H-B	11476-H56H-B	Human		N-His & AVI		DICR/CLEC4A (Avi-tag Biotinylated, HPLC-verified)
DLL3	https://www.sinobiological.com/search?keywords=91003-C49H-B	91003-C49H-B	Cynomolgus		C-His-AVI		DLL3 (Avi-tag Biotinylated, HPLC-verified)
DLL4	https://www.sinobiological.com/search?keywords=10171-H49H-B	10171-H49H-B	Human		C-His-AVI		DLL4 (Biotinylated, HPLC-verified)
DNAM-1/CD226	https://www.sinobiological.com/search?keywords=10565-H08H-B	10565-H08H-B	Human		C-His		DNAM-1/CD226 (Amine-Labeled Biotinylated)
DPEP1	https://www.sinobiological.com/search?keywords=13543-H49H-B	13543-H49H-B	Human		C-His-AVI		DPEP1 (Avi-tag Biotinylated, HPLC-verified)
DR3/TNFRSF25	https://www.sinobiological.com/search?keywords=12095-H02H-B	12095-H02H-B	Human		C-hFc		DR3/TNFRSF25 (Amine-Labeled Biotinylated)
DR5/TRAIL R2	https://www.sinobiological.com/search?keywords=10465-H49H-B	10465-H49H-B	Human		C-His-AVI		DR5/TRAIL R2 (Biotinylated, HPLC-verified)
DR6/TNFRSF21	https://www.sinobiological.com/search?keywords=10175-H49H-B	10175-H49H-B	Human		C-His-AVI		DR6/TNFRSF21 (Avi-tag Biotinylated, HPLC-verified)
DcR3/TNFRSF6B	https://www.sinobiological.com/search?keywords=10224-H02B-B	10224-H02B-B	Human		C-hFc		DcR3/TNFRSF6B (Biotinylated)
Dectin-1/CLEC7A	https://www.sinobiological.com/search?keywords=10215-H42H-B	10215-H42H-B	Human		N-hFc & AVI		Dectin-1/CLEC7A (Avi-tag Biotinylated, HPLC-verified)
E-Cadherin	https://www.sinobiological.com/search?keywords=10204-H02H-B	10204-H02H-B	Human		C-hFc		E-Cadherin (Amine-Labeled Biotinylated)
EBV Glycoprotein gp350	https://www.sinobiological.com/search?keywords=40373-V49H-B	40373-V49H-B	"EBV
B95-8"		C-His-AVI		EBV Glycoprotein gp350 (Biotinylated, HPLC-verified)
EGFR	https://www.sinobiological.com/search?keywords=10001-H27H-B	10001-H27H-B	Human		C-AVI & His		EGFR (Biotinylated, HPLC-verified)
ENSA	https://www.sinobiological.com/search?keywords=14321-H07E-B	14321-H07E-B	Human		N-His		ENSA (Amine-Labeled Biotinylated)
EPCR	https://www.sinobiological.com/search?keywords=13320-H02H-B	13320-H02H-B	Human		C-hFc		EPCR (Biotinylated, HPLC-verified)
Ebola virus Glycoprotein	https://www.sinobiological.com/search?keywords=40442-V49H2-B	40442-V49H2-B	"EBOV
subtype Zaire, strain H.sapiens-wt/GIN/2014/Kissidougou-C15"		C-His-AVI		Ebola virus Glycoprotein (Avi-tag Biotinylated)
Ebola virus Nucleoprotein	https://www.sinobiological.com/search?keywords=40444-V44E1-B	40444-V44E1-B	"EBOV
Subtype Sudan, strain Gulu"		N-AVI-His		Ebola virus Nucleoprotein (Avi-tag Biotinylated, HPLC-verified)
Ebola virus VP24	https://www.sinobiological.com/search?keywords=40454-V44E-B	40454-V44E-B	"EBOV
subtype Zaire, strain H.sapiens-wt/GIN/2014/Kissidougou-C15"		N-AVI-His		Ebola virus VP24 (Avi-tag Biotinylated, HPLC-verified)
Ebola virus VP40	https://www.sinobiological.com/search?keywords=40447-V44E-B	40447-V44E-B	"EBOV
Subtype Sudan, strain Gulu"		N-AVI-His		Ebola virus VP40 (Avi-tag Biotinylated)
Envelope Protein	https://www.sinobiological.com/search?keywords=41052-V49B-B	41052-V49B-B	"YFV
strain 17D vaccine"		C-His-AVI		Envelope Protein (Avi-tag Biotinylated)
EpCAM/TROP1	https://www.sinobiological.com/search?keywords=10694-H41H-B	10694-H41H-B	Human		C-hFc & AVI		EpCAM/TROP1 (Biotinylated)
EphA2	https://www.sinobiological.com/search?keywords=13926-H27H-B	13926-H27H-B	Human		C-AVI & His		EphA2 (Biotinylated, HPLC-verified)
EphB4	https://www.sinobiological.com/search?keywords=10235-H08H-B	10235-H08H-B	Human		C-His		EphB4 (Amine-Labeled Biotinylated)
Ephrin A5	https://www.sinobiological.com/search?keywords=10192-H02H-B	10192-H02H-B	Human		C-hFc		Ephrin A5 (Biotinylated)
Ephrin-A1	https://www.sinobiological.com/search?keywords=10882-H02H-B	10882-H02H-B	Human		C-hFc		Ephrin-A1 (Biotinylated)
Erythropoietin R/EPOR	https://www.sinobiological.com/search?keywords=10707-H08H-B	10707-H08H-B	Human		C-His		Erythropoietin R/EPOR (Amine-Labeled Biotinylated)
FAP	https://www.sinobiological.com/search?keywords=10464-H07H-B	10464-H07H-B	Human		N-His		FAP (Amine-Labeled Biotinylated)
FCGRT & B2M Heterodimer	https://www.sinobiological.com/search?keywords=CT071-H27H-B	CT071-H27H-B	Human		C-AVI & His		FCGRT & B2M Heterodimer (Biotinylated, HPLC-verified)
FGFR1	https://www.sinobiological.com/search?keywords=10616-H02H-B	10616-H02H-B	Human		C-hFc		FGFR1 (Biotinylated)
FGFR2	https://www.sinobiological.com/search?keywords=16485-H49H-B	16485-H49H-B	Human		C-His-AVI		FGFR2 (alpha(IIIb),Biotinylated, HPLC-verified)
FGFR4	https://www.sinobiological.com/search?keywords=10538-H08H-B	10538-H08H-B	Human		C-His		FGFR4 (Amine-Labeled Biotinylated)
FLT3	https://www.sinobiological.com/search?keywords=10445-H41H-B	10445-H41H-B	Human		C-hFc & AVI		FLT3 (Biotinylated, HPLC-verified)
FOLR1	https://www.sinobiological.com/search?keywords=11241-H41H-B	11241-H41H-B	Human		C-hFc & AVI		FOLR1 (Biotinylated, HPLC-verified)
GDF-15	https://www.sinobiological.com/search?keywords=10936-H44E-B	10936-H44E-B	Human		N-AVI-His		GDF-15 (Avi-tag Biotinylated)
GFRAL	https://www.sinobiological.com/search?keywords=27245-H49H-B	27245-H49H-B	Human		C-His-AVI		GFRAL (Biotinylated, HPLC-verified)
GIPR	https://www.sinobiological.com/search?keywords=18774-H49H-B	18774-H49H-B	Human		C-His-AVI		GIPR (Biotinylated, HPLC-verified)
GITR/TNFRSF18/AITR	https://www.sinobiological.com/search?keywords=13643-H49H-B	13643-H49H-B	Human		C-His-AVI		GITR/TNFRSF18/AITR (Biotinylated)
GLP1R	https://www.sinobiological.com/search?keywords=13944-H49H-B	13944-H49H-B	Human		C-His-AVI		GLP1R (Biotinylated, HPLC-verified)
GM-CSF/CSF2	https://www.sinobiological.com/search?keywords=10015-HNAH-B	10015-HNAH-B	Human		No tag		GM-CSF/CSF2 (Amine-Labeled Biotinylated)
GPC2/Glypican 2	https://www.sinobiological.com/search?keywords=11875-H49H-B	11875-H49H-B	Human		C-His-AVI		GPC2/Glypican 2 (Avi-tag Biotinylated)
GPRC5D	https://www.sinobiological.com/search?keywords=24447-HNAH-B	24447-HNAH-B	Human		No tag		GPRC5D (Biotinylated, VLP)
Glypican 1/GPC1	https://www.sinobiological.com/search?keywords=10576-H49H-B	10576-H49H-B	Human		C-His-AVI		Glypican 1/GPC1 (Avi-tag Biotinylated, HPLC-verified)
Glypican 3/GPC3	https://www.sinobiological.com/search?keywords=10088-H08H-B	10088-H08H-B	Human		C-His		Glypican 3/GPC3 (Amine-Labeled Biotinylated)
Glypican 5/GPC5	https://www.sinobiological.com/search?keywords=10079-H49B-B	10079-H49B-B	Human				Glypican 5/GPC5 (Avi-tag Biotinylated, HPLC-verified)
Glypican 6/GPC6	https://www.sinobiological.com/search?keywords=10102-H49H-B	10102-H49H-B	Human		C-His-AVI		Glypican 6/GPC6 (Avi-tag Biotinylated, HPLC-verified)
Growth Hormone	https://www.sinobiological.com/search?keywords=16122-HNCE-B	16122-HNCE-B	Human		No tag		Growth Hormone (Biotinylated, HPLC-verified)
H Cadherin	https://www.sinobiological.com/search?keywords=91038-C49H-B	91038-C49H-B	Cynomolgus		C-His-AVI		H Cadherin (Avi-tag Biotinylated)
H3L Protein	https://www.sinobiological.com/search?keywords=41040-V49H-B	41040-V49H-B	"MPXV
Clade Ib"		C-His-AVI		H3L Protein (Avi-tag Biotinylated, HPLC-verified)
HAI-2/SPINT2	https://www.sinobiological.com/search?keywords=10324-H49H-B	10324-H49H-B	Human		C-His-AVI		HAI-2/SPINT2 (Avi-tag Biotinylated, HPLC-verified)
HBV Capsid Protein	https://www.sinobiological.com/search?keywords=40573-V49E-B	40573-V49E-B	"HBV
ayw/France/Tiollais/1979"		C-His-AVI		HBV Capsid Protein (Avi-tag Biotinylated)
HER3/ERBB3	https://www.sinobiological.com/search?keywords=10201-H02H-B	10201-H02H-B	Human		C-hFc		HER3/ERBB3 (Amine-Labeled Biotinylated)
HIV gp120	https://www.sinobiological.com/search?keywords=40405-V49H-B	40405-V49H-B	"HIV
group M, subtype B, Isolate MN"		C-His-AVI		HIV gp120 (Biotinylated)
HMGB1	https://www.sinobiological.com/search?keywords=10326-H49B-B	10326-H49B-B	Human		C-His-AVI		HMGB1 (Biotinylated)
HMPV Fusion	https://www.sinobiological.com/search?keywords=40993-V49H1-B	40993-V49H1-B	"HMPV
CAN97-83"		C-His-AVI		HMPV Fusion (preF trimer,Avi-tag Biotinylated, MALS-verified)
HRAS	https://www.sinobiological.com/search?keywords=R105-310HB	R105-310HB	Human		N-AVI-His		HRAS (Active, Biotinylated)
HVEM	https://www.sinobiological.com/search?keywords=10334-H41H-B	10334-H41H-B	Human		C-hFc & AVI		HVEM (Biotinylated, HPLC-verified)
Hemagglutinin/HA	https://www.sinobiological.com/search?keywords=11055-V08B-B	11055-V08B-B	"H1N1
A/California/04/2009"		C-His		Hemagglutinin/HA (Amine-Labeled Biotinylated)
Her2/ERBB2	https://www.sinobiological.com/search?keywords=10004-H27H-B	10004-H27H-B	Human		C-AVI & His		Her2/ERBB2 (Biotinylated, HPLC-verified)
ICAM-1/CD54	https://www.sinobiological.com/search?keywords=10346-H49H-B	10346-H49H-B	Human		C-His-AVI		ICAM-1/CD54 (Biotinylated, HPLC-verified)
ICOS	https://www.sinobiological.com/search?keywords=50466-M41H-B	50466-M41H-B	Mouse		C-hFc & AVI		ICOS (Biotinylated)
IGF-II	https://www.sinobiological.com/search?keywords=13032-H41H-B	13032-H41H-B	Human		C-hFc & AVI		IGF-II (Avi-tag Biotinylated, HPLC-verified)
IGF1	https://www.sinobiological.com/search?keywords=10598-H80H-B	10598-H80H-B	Human		N-Avi-Fc		IGF1 (Avi-tag Biotinylated, HPLC-verified)
IGF1R	https://www.sinobiological.com/search?keywords=10164-H49H1-B	10164-H49H1-B	Human		C-His-AVI		IGF1R (Biotinylated, HPLC-verified)
IGFBP7	https://www.sinobiological.com/search?keywords=13100-H41H-B	13100-H41H-B	Human		C-hFc & AVI		IGFBP7 (Biotinylated, HPLC-verified)
IL-1 beta	https://www.sinobiological.com/search?keywords=91050-C49H-B	91050-C49H-B	Cynomolgus		C-His-AVI		IL-1 beta (Avi-tag Biotinylated)
IL-12	https://www.sinobiological.com/search?keywords=CT011-H08H-B	CT011-H08H-B	Human		C-His		IL-12 (Amine-Labeled Biotinylated)
IL-13	https://www.sinobiological.com/search?keywords=10369-H49H-B	10369-H49H-B	Human		C-His-AVI		IL-13 (Avi-tag Biotinylated, HPLC-verified)
IL-13 R alpha 1/IL13RA1	https://www.sinobiological.com/search?keywords=10943-H49H-B	10943-H49H-B	Human		C-His-AVI		IL-13 R alpha 1/IL13RA1 (Biotinylated, HPLC-verified)
IL-13 R alpha 2/IL13RA2	https://www.sinobiological.com/search?keywords=10350-H08H-B	10350-H08H-B	Human		C-His		IL-13 R alpha 2/IL13RA2 (Amine-Labeled Biotinylated)
IL-15 R alpha/IL15RA	https://www.sinobiological.com/search?keywords=29736-H41H-B	29736-H41H-B	Human		C-hFc & AVI		IL-15 R alpha/IL15RA (Biotinylated, HPLC-verified)
IL-17A	https://www.sinobiological.com/search?keywords=12047-HNAE-B	12047-HNAE-B	Human		No tag		IL-17A (Amine-Labeled Biotinylated)
IL-17F	https://www.sinobiological.com/search?keywords=11855-H07H-B	11855-H07H-B	Human		N-His		IL-17F (Amine-Labeled Biotinylated)
IL-17RA	https://www.sinobiological.com/search?keywords=10895-H49H-B	10895-H49H-B	Human		C-His-AVI		IL-17RA (Biotinylated)
IL-18R beta / IL-18RAP	https://www.sinobiological.com/search?keywords=10176-H41H-B	10176-H41H-B	Human		C-hFc & AVI		IL-18R beta / IL-18RAP (Biotinylated, HPLC-verified)
IL-18Rα	https://www.sinobiological.com/search?keywords=11102-H08H-B	11102-H08H-B	Human		C-His		IL-18Rα (Amine-Labeled Biotinylated, HPLC-verified)
IL-20	https://www.sinobiological.com/search?keywords=13060-HNAE-B	13060-HNAE-B	Human		No tag		IL-20 (Biotinylated)
IL-21 Receptor/IL-21R	https://www.sinobiological.com/search?keywords=11483-H49H-B	11483-H49H-B	Human		C-His-AVI		IL-21 Receptor/IL-21R (Biotinylated, HPLC-verified)
IL-23	https://www.sinobiological.com/search?keywords=CT048-H08H-B	CT048-H08H-B	Human		C-His		IL-23 (Amine-Labeled Biotinylated)
IL-23 Receptor	https://www.sinobiological.com/search?keywords=13840-H41H-B	13840-H41H-B	Human		C-hFc & AVI		IL-23 Receptor (Avi-tag Biotinylated, HPLC-verified)
IL-2R beta/CD122	https://www.sinobiological.com/search?keywords=10696-H27H-B	10696-H27H-B	Human		C-AVI & His		IL-2R beta/CD122 (Biotinylated, HPLC-verified)
IL-2R gamma/CD132	https://www.sinobiological.com/search?keywords=10555-H49H-B	10555-H49H-B	Human		C-His-AVI		IL-2R gamma/CD132 (Biotinylated)
IL-2Rβ & IL-2Rγ Heterodimer	https://www.sinobiological.com/search?keywords=CT108-H2549H1-B	CT108-H2549H1-B	Human				IL-2Rβ & IL-2Rγ Heterodimer (Avi-tag Biotinylated, HPLC-verified)
IL-31RA	https://www.sinobiological.com/search?keywords=15878-H49H-B	15878-H49H-B	Human		C-His-AVI		IL-31RA (Avi-tag Biotinylated, HPLC-verified)
IL-3R alpha/CD123	https://www.sinobiological.com/search?keywords=10518-H41H-B	10518-H41H-B	Human		C-hFc & AVI		IL-3R alpha/CD123 (Biotinylated, HPLC-verified)
IL-4	https://www.sinobiological.com/search?keywords=11846-HNAE-B	11846-HNAE-B	Human		No tag		IL-4 (Amine-Labeled Biotinylated)
IL-4R	https://www.sinobiological.com/search?keywords=10402-H08H-B	10402-H08H-B	Human		C-His		IL-4R (Amine-Labeled Biotinylated)
IL-5	https://www.sinobiological.com/search?keywords=15673-H49H-B	15673-H49H-B	Human		C-His-AVI		IL-5 (Avi-tag Biotinylated, MALS-verified)
IL-6	https://www.sinobiological.com/search?keywords=10395-HNAH-B	10395-HNAH-B	Human		No tag		IL-6 (Biotinylated)
IL-6R	https://www.sinobiological.com/search?keywords=10398-H35H-B	10398-H35H-B	Human		C-AVI-Fc		IL-6R (Biotinylated, HPLC-verified)
IL-7R alpha/CD127	https://www.sinobiological.com/search?keywords=10975-H49H-B	10975-H49H-B	Human		C-His-AVI		IL-7R alpha/CD127 (Biotinylated, HPLC-verified)
IL17A & IL17F Heterodimer	https://www.sinobiological.com/search?keywords=CT141-H8156H-B	CT141-H8156H-B	Human		N-Strep II & N-His-AVI		IL17A & IL17F Heterodimer (Biotinylated, HPLC-verified)
IL1R1	https://www.sinobiological.com/search?keywords=10126-H02H-B	10126-H02H-B	Human		C-hFc		IL1R1 (Biotinylated, HPLC-verified)
IL1RAP/IL-1RAcP	https://www.sinobiological.com/search?keywords=10121-H27H-B	10121-H27H-B	Human		C-AVI & His		IL1RAP/IL-1RAcP (Biotinylated, HPLC-verified)
ILT11/LILRA5/LIR-9	https://www.sinobiological.com/search?keywords=16059-H27H-B	16059-H27H-B	Human		C-AVI & His		ILT11/LILRA5/LIR-9 (Biotinylated)
ILT2/LILRB1	https://www.sinobiological.com/search?keywords=16014-H49H-B	16014-H49H-B	Human		C-His-AVI		ILT2/LILRB1 (Biotinylated, HPLC-verified)
ILT3/LILRB4	https://www.sinobiological.com/search?keywords=16742-H49H-B	16742-H49H-B	Human		C-His-AVI		ILT3/LILRB4 (Biotinylated, HPLC-verified)
ILT4/LILRB2	https://www.sinobiological.com/search?keywords=14132-H49H-B	14132-H49H-B	Human		C-His-AVI		ILT4/LILRB2 (Biotinylated, HPLC-verified)
ILT5/LILRB3	https://www.sinobiological.com/search?keywords=11978-H08H-B	11978-H08H-B	Human		C-His		ILT5/LILRB3 (HPLC-verified, Amine-Labeled Biotinylated)
IgG1-Fc	https://www.sinobiological.com/search?keywords=10702-HNAH-B	10702-HNAH-B	Human		No tag		IgG1-Fc (103 Cys/Ser,Amine-Labeled Biotinylated, HPLC-verified)
IgG2a	https://www.sinobiological.com/search?keywords=51094-MNAH-B	51094-MNAH-B	Mouse		No tag		IgG2a (Amine-Labeled Biotinylated)
Insulin Receptor	https://www.sinobiological.com/search?keywords=11086-H49H-B	11086-H49H-B	Human		C-His-AVI		Insulin Receptor (isoform short,Biotinylated, HPLC-verified)
Integrin alpha 6 beta 4	https://www.sinobiological.com/search?keywords=CT069-H2508H-B	CT069-H2508H-B	Human		C-Flag & His		Integrin alpha 6 beta 4 (Biotinylated, HPLC-verified)
Interferon alpha 2/IFNA2	https://www.sinobiological.com/search?keywords=13833-H49H-B	13833-H49H-B	Human		C-His-AVI		Interferon alpha 2/IFNA2 (2B,Avi-tag Biotinylated, HPLC-verified)
Interferon alpha/beta receptor 1	https://www.sinobiological.com/search?keywords=13222-H49H-B	13222-H49H-B	Human		C-His-AVI		Interferon alpha/beta receptor 1 (Avi-tag Biotinylated, HPLC-verified)
Interferon alpha/beta receptor 2	https://www.sinobiological.com/search?keywords=10359-H02H-B	10359-H02H-B	Human		C-hFc		Interferon alpha/beta receptor 2 (Biotinylated, HPLC-verified)
JAM-A/F11 Receptor	https://www.sinobiological.com/search?keywords=10198-H49H-B	10198-H49H-B	Human		C-His-AVI		JAM-A/F11 Receptor (Avi-tag Biotinylated, HPLC-verified)
JNK1	https://www.sinobiological.com/search?keywords=10795-H09B-B	10795-H09B-B	Human		N-GST		JNK1 (Biotinylated)
KIR2DL1	https://www.sinobiological.com/search?keywords=13145-H49H-B	13145-H49H-B	Human		C-His-AVI		KIR2DL1 (Avi-tag Biotinylated, HPLC-verified)
KRAS	https://www.sinobiological.com/search?keywords=12259-H56E-B	12259-H56E-B	Human		N-His & AVI		KRAS (Biotinylated)
L1CAM	https://www.sinobiological.com/search?keywords=10140-H49H-B	10140-H49H-B	Human		C-His-AVI		L1CAM (Biotinylated, HPLC-verified)
L1R Protein	https://www.sinobiological.com/search?keywords=40889-V44E-B	40889-V44E-B	"MPXV
West African strains"		N-AVI-His		L1R Protein (Avi-tag Biotinylated)
LAG-3	https://www.sinobiological.com/search?keywords=16498-HNAH-B	16498-HNAH-B	Human		No tag		LAG-3 (Amine-Labeled Biotinylated, HPLC-verified)
LAIR1	https://www.sinobiological.com/search?keywords=13257-H27H-B	13257-H27H-B	Human		C-AVI & His		LAIR1 (Biotinylated)
LDLR/LDL Receptor	https://www.sinobiological.com/search?keywords=10231-H08H-B	10231-H08H-B	Human		C-His		LDLR/LDL Receptor (Amine-Labeled Biotinylated)
LIF	https://www.sinobiological.com/search?keywords=91002-C49H-B	91002-C49H-B	Cynomolgus,Rhesus		C-His-AVI		LIF (Biotinylated, HPLC-verified)
LIFR	https://www.sinobiological.com/search?keywords=10628-H08H-B	10628-H08H-B	Human		C-His		LIFR (Amine-Labeled Biotinylated)
LIGHT/TNFSF14	https://www.sinobiological.com/search?keywords=10386-H42H-B	10386-H42H-B	Human		N-AVI & hFc		LIGHT/TNFSF14 (Biotinylated)
LILRA3	https://www.sinobiological.com/search?keywords=13549-H08H-B	13549-H08H-B	Human		C-His		LILRA3 (Amine-Labeled Biotinylated)
LILRB5/CD85c/LIR-8	https://www.sinobiological.com/search?keywords=17221-H08H-B	17221-H08H-B	Human		C-His		LILRB5/CD85c/LIR-8 (Amine-Labeled Biotinylated)
LKB1/STK11	https://www.sinobiological.com/search?keywords=L15-30GB	L15-30GB	Human		N-AVI-GST		LKB1/STK11 (Full-length,Biotinylated)
LRP-6	https://www.sinobiological.com/search?keywords=11968-H49H-B	11968-H49H-B	Human		C-His-AVI		LRP-6 (Biotinylated)
LRRC15	https://www.sinobiological.com/search?keywords=15786-H49H-B	15786-H49H-B	Human		C-His-AVI		LRRC15 (Avi-tag Biotinylated, HPLC-verified)
LRRC32	https://www.sinobiological.com/search?keywords=15508-H08H-B	15508-H08H-B	Human		C-His		LRRC32 (Amine-Labeled Biotinylated)
LYPD6B	https://www.sinobiological.com/search?keywords=91044-C49H-B	91044-C49H-B	Cynomolgus		C-His-AVI		LYPD6B (Avi-tag Biotinylated, HPLC-verified)
Leptin	https://www.sinobiological.com/search?keywords=10221-HNAE-B	10221-HNAE-B	Human		No tag		Leptin (Biotinylated)
M-CSF/CSF1	https://www.sinobiological.com/search?keywords=11792-HNAH-B	11792-HNAH-B	Human		No tag		M-CSF/CSF1 (Amine-Labeled Biotinylated)
M-CSFR/CSF1R	https://www.sinobiological.com/search?keywords=50059-M08H-B	50059-M08H-B	Mouse		C-His		M-CSFR/CSF1R (Amine-Labeled Biotinylated)
MCP-1/CCL2	https://www.sinobiological.com/search?keywords=50368-M08B-B	50368-M08B-B	Mouse		C-His		MCP-1/CCL2 (Amine-Labeled Biotinylated)
MDGA2	https://www.sinobiological.com/search?keywords=30160-H49H-B	30160-H49H-B	Human		C-His-AVI		MDGA2 (Avi-tag Biotinylated, HPLC-verified)
MFGE8	https://www.sinobiological.com/search?keywords=10853-H27B-B	10853-H27B-B	Human		C-AVI & His		MFGE8 (Biotinylated)
MUC-1	https://www.sinobiological.com/search?keywords=30117-H08H-B	30117-H08H-B	Human		C-His		MUC-1 (aa890-1158,Biotinylated)
Mesothelin	https://www.sinobiological.com/search?keywords=5A0830-M49H-B	5A0830-M49H-B	Mouse		C-His-AVI		Mesothelin (Biotinylated, HPLC-verified)
Myeloperoxidase/MPO	https://www.sinobiological.com/search?keywords=11917-H49H1-B	11917-H49H1-B	Human		C-His-AVI		Myeloperoxidase/MPO (Avi-tag Biotinylated, HPLC-verified)
NCAM-1/CD56	https://www.sinobiological.com/search?keywords=10673-H27H-B	10673-H27H-B	Human		C-AVI & His		NCAM-1/CD56 (HPLC-verified, Biotinylated)
NKG2A	https://www.sinobiological.com/search?keywords=13905-H07H1-B	13905-H07H1-B	Human		N-His		NKG2A (Amine-Labeled Biotinylated)
NKG2A & CD94 Heterodimer	https://www.sinobiological.com/search?keywords=CT174-H49H-B	CT174-H49H-B	Human		C-His-AVI		NKG2A & CD94 Heterodimer (Avi-tag Biotinylated, HPLC-verified)
NKp44/NCR2	https://www.sinobiological.com/search?keywords=11550-H08H-B	11550-H08H-B	Human		C-His		NKp44/NCR2 (Amine-Labeled Biotinylated)
NRAS	https://www.sinobiological.com/search?keywords=R07-32HB	R07-32HB	Human		N-AVI-His		NRAS (Q61K,Biotinylated)
Nectin-1/PVRL1	https://www.sinobiological.com/search?keywords=11611-H02H-B	11611-H02H-B	Human		C-hFc		Nectin-1/PVRL1 (Amine-Labeled Biotinylated)
Nectin-2	https://www.sinobiological.com/search?keywords=10005-H49H-B	10005-H49H-B	Human		C-His-AVI		Nectin-2 (Biotinylated)
Nectin-4	https://www.sinobiological.com/search?keywords=19771-H49H-B	19771-H49H-B	Human		C-His-AVI		Nectin-4 (Avi-tag Biotinylated, HPLC-verified)
Neuraminidase/NA	https://www.sinobiological.com/search?keywords=40108-V07H-B	40108-V07H-B	"H7N9
A/Anhui/1/2013"		N-His		Neuraminidase/NA (Amine-Labeled Biotinylated)
Neuregulin-1/NRG1	https://www.sinobiological.com/search?keywords=11609-HNCH-B	11609-HNCH-B	Human		No tag		Neuregulin-1/NRG1 (Amine-Labeled Biotinylated)
Neurofascin	https://www.sinobiological.com/search?keywords=15694-H02H-B	15694-H02H-B	Human		C-hFc		Neurofascin (Amine-Labeled Biotinylated)
Neuropilin-1/NRP1	https://www.sinobiological.com/search?keywords=10011-H27H-B	10011-H27H-B	Human		C-AVI & His		Neuropilin-1/NRP1 (Biotinylated, HPLC-verified)
Nucleoprotein/NP	https://www.sinobiological.com/search?keywords=40861-V49B-B	40861-V49B-B	"Influenza B
B/Austria/1359417/2021"		C-His-AVI		Nucleoprotein/NP (Avi-tag Biotinylated)
Nucleoprotein（RSV）	https://www.sinobiological.com/search?keywords=40821-V49E-B	40821-V49E-B	"RSV
strain A2, strain Long"		C-His-AVI		Nucleoprotein（RSV） (Avi-tag Biotinylated)
OX40/TNFRSF4	https://www.sinobiological.com/search?keywords=10481-H41H-B	10481-H41H-B	Human		C-hFc & AVI		OX40/TNFRSF4 (Biotinylated)
Oncostatin M/OSM	https://www.sinobiological.com/search?keywords=10452-H49H-B	10452-H49H-B	Human		C-His-AVI		Oncostatin M/OSM (Biotinylated, HPLC-verified)
PARP-1	https://www.sinobiological.com/search?keywords=11040-H49B-B	11040-H49B-B	Human		C-His-AVI		PARP-1 (Biotinylated, HPLC-verified)
PCDH7	https://www.sinobiological.com/search?keywords=21701-H56B-B	21701-H56B-B	Human		N-His & AVI		PCDH7 (Biotinylated)
PCSK9	https://www.sinobiological.com/search?keywords=29698-H27H-B	29698-H27H-B	Human		C-AVI & His		PCSK9 (Biotinylated, HPLC-verified)
PD-1	https://www.sinobiological.com/search?keywords=10377-H41H-B	10377-H41H-B	Human		C-hFc & AVI		PD-1 (Biotinylated, HPLC-verified)
PD-L1/B7-H1	https://www.sinobiological.com/search?keywords=10084-H08H-B	10084-H08H-B	Human		C-His		PD-L1/B7-H1 (Amine-Labeled Biotinylated)
PD-L2/B7-DC	https://www.sinobiological.com/search?keywords=10292-H08H-B	10292-H08H-B	Human		C-His		PD-L2/B7-DC (Amine-Labeled Biotinylated)
PDGF alpha receptor/PDGFRA	https://www.sinobiological.com/search?keywords=10556-H27H-B	10556-H27H-B	Human		C-AVI & His		PDGF alpha receptor/PDGFRA (Biotinylated)
PDGF beta receptor/PDGFRB	https://www.sinobiological.com/search?keywords=10514-H08H-B	10514-H08H-B	Human		C-His		PDGF beta receptor/PDGFRB (Amine-Labeled Biotinylated)
PGRP-S/PGLYRP1	https://www.sinobiological.com/search?keywords=10403-H08H-B	10403-H08H-B	Human		C-His		PGRP-S/PGLYRP1 (Biotinylated)
PILR-alpha/FDF03	https://www.sinobiological.com/search?keywords=13791-H41H-B	13791-H41H-B	Human		C-hFc & AVI		PILR-alpha/FDF03 (Biotinylated, HPLC-verified)
PLTP	https://www.sinobiological.com/search?keywords=11171-H08H-B	11171-H08H-B	Human		C-His		PLTP (Amine-Labeled Biotinylated)
PSCA	https://www.sinobiological.com/search?keywords=5A1731-M49H-B	5A1731-M49H-B	Mouse		C-His-AVI		PSCA (Biotinylated, HPLC-verified)
PSMA/FOLH1	https://www.sinobiological.com/search?keywords=15877-H56H-B	15877-H56H-B	Human		N-His & AVI		PSMA/FOLH1 (Biotinylated)
PTP1B	https://www.sinobiological.com/search?keywords=10304-H56E-B	10304-H56E-B	Human		N-His & AVI		PTP1B (Biotinylated, HPLC-verified)
PVRIG	https://www.sinobiological.com/search?keywords=28312-H41H-B	28312-H41H-B	Human		C-hFc & AVI		PVRIG (Biotinylated, HPLC-verified)
Parvin alpha/PARVA	https://www.sinobiological.com/search?keywords=13919-H09E-B	13919-H09E-B	Human		N-GST		Parvin alpha/PARVA (Biotinylated)
Pin1	https://www.sinobiological.com/search?keywords=10282-HNCE-B	10282-HNCE-B	Human		No tag		Pin1 (Biotinylated)
Placental Lactogen/CSH1	https://www.sinobiological.com/search?keywords=11596-H08H-B	11596-H08H-B	Human		C-His		Placental Lactogen/CSH1 (Amine-Labeled Biotinylated)
Prolactin	https://www.sinobiological.com/search?keywords=10275-HNAE-B	10275-HNAE-B	Human		No tag		Prolactin (Biotinylated, HPLC-verified)
Prostatic Acid Phosphatase/ACPP	https://www.sinobiological.com/search?keywords=10959-H49H-B	10959-H49H-B	Human		C-His-AVI		Prostatic Acid Phosphatase/ACPP (Avi-tag Biotinylated, HPLC-verified)
Protein A29	https://www.sinobiological.com/search?keywords=40891-V49E-B	40891-V49E-B	"MPXV
West African strains"		C-His-AVI		Protein A29 (Avi-tag Biotinylated)
Protein A35	https://www.sinobiological.com/search?keywords=40886-V49H-B	40886-V49H-B	"MPXV
West African strains"		C-His-AVI		Protein A35 (Avi-tag Biotinylated, HPLC-verified)
RABV Glycoprotein/G	https://www.sinobiological.com/search?keywords=40997-V49H-B	40997-V49H-B	RABV		C-His-AVI		RABV Glycoprotein/G (Avi-tag Biotinylated, MALS-verified)
RAGE	https://www.sinobiological.com/search?keywords=11629-H49H-B	11629-H49H-B	Human		C-His-AVI		RAGE (Biotinylated, HPLC-verified)
REG1A	https://www.sinobiological.com/search?keywords=11234-H08H-B	11234-H08H-B	Human		C-His		REG1A (Amine-Labeled Biotinylated)
ROBO1	https://www.sinobiological.com/search?keywords=30073-H27H-B	30073-H27H-B	Human		C-AVI & His		ROBO1 (Biotinylated, HPLC-verified)
ROR1	https://www.sinobiological.com/search?keywords=13968-HCCH1-B	13968-HCCH1-B	Human		No tag		ROR1 (Amine-Labeled Biotinylated, HPLC-verified)
ROR2	https://www.sinobiological.com/search?keywords=16133-H27H-B	16133-H27H-B	Human		C-AVI & His		ROR2 (Biotinylated, HPLC-verified)
RP105/CD180	https://www.sinobiological.com/search?keywords=11370-H08H-B	11370-H08H-B	Human		C-His		RP105/CD180 (Biotinylated)
RSV Fusion	https://www.sinobiological.com/search?keywords=11049-VNAS-B	11049-VNAS-B	"RSV
subtype A, strain A2"		No tag		RSV Fusion (Amine-Labeled Biotinylated, Prefusion)
RSV Glycoprotein G	https://www.sinobiological.com/search?keywords=13029-V49H-B	13029-V49H-B	"RSV
B1"		C-His-AVI		RSV Glycoprotein G (Avi-tag Biotinylated)
RTN4RL1	https://www.sinobiological.com/search?keywords=14207-H49H-B	14207-H49H-B	Human		C-His-AVI		RTN4RL1 (Avi-tag Biotinylated, HPLC-verified)
Recombinant Protein A, Biotinylated	https://www.sinobiological.com/search?keywords=10600-P07E-B	10600-P07E-B	other				Recombinant Protein A, Biotinylated
S100A4	https://www.sinobiological.com/search?keywords=10185-H08E-B	10185-H08E-B	Human		C-His		S100A4 (Biotinylated)
S100B	https://www.sinobiological.com/search?keywords=10181-H07E-B	10181-H07E-B	Human		N-His		S100B (Biotinylated, HPLC-verified)
S100P	https://www.sinobiological.com/search?keywords=12635-HNAE-B	12635-HNAE-B	Human		No tag		S100P (Amine-Labeled Biotinylated)
SAE1	https://www.sinobiological.com/search?keywords=13921-HNCB-B	13921-HNCB-B	Human		No tag		SAE1 (Biotinylated)
SCF	https://www.sinobiological.com/search?keywords=50487-M08B-B	50487-M08B-B	Mouse		C-His		SCF (Amine-Labeled Biotinylated)
SECTM1	https://www.sinobiological.com/search?keywords=12269-H08H-B	12269-H08H-B	Human		C-His		SECTM1 (Biotinylated)
SEZ6	https://www.sinobiological.com/search?keywords=13436-H49H-B	13436-H49H-B	Human		C-His-AVI		SEZ6 (Avi-tag Biotinylated, HPLC-verified)
SIGIRR	https://www.sinobiological.com/search?keywords=12165-H08H-B	12165-H08H-B	Human		C-His		SIGIRR (Amine-Labeled Biotinylated)
SIRP alpha/SHPS-1	https://www.sinobiological.com/search?keywords=11612-H41H-B	11612-H41H-B	Human		C-hFc & AVI		SIRP alpha/SHPS-1 (Biotinylated, HPLC-verified)
SKP1	https://www.sinobiological.com/search?keywords=14161-H40E-B	14161-H40E-B	Human		N-His & C-AVI		SKP1 (Biotinylated, HPLC-verified)
SLAMF7/CRACC/CS1	https://www.sinobiological.com/search?keywords=11691-H08H-B	11691-H08H-B	Human		C-His		SLAMF7/CRACC/CS1 (Amine-Labeled Biotinylated)
SOST/Sclerostin	https://www.sinobiological.com/search?keywords=10593-H07H-B	10593-H07H-B	Human		N-His		SOST/Sclerostin (Amine-Labeled Biotinylated)
STC2	https://www.sinobiological.com/search?keywords=13653-H08H-B	13653-H08H-B	Human		C-His		STC2 (Biotinylated)
Siglec-11	https://www.sinobiological.com/search?keywords=30155-H41H-B	30155-H41H-B	Human		C-hFc & AVI		Siglec-11 (Avi-tag Biotinylated, HPLC-verified)
Siglec-2/CD22	https://www.sinobiological.com/search?keywords=11958-H08H-B	11958-H08H-B	Human		C-His		Siglec-2/CD22 (Amine-Labeled Biotinylated)
Siglec-3/CD33	https://www.sinobiological.com/search?keywords=12238-H08H-B	12238-H08H-B	Human		C-His		Siglec-3/CD33 (Amine-Labeled Biotinylated, HPLC-verified)
Siglec-6	https://www.sinobiological.com/search?keywords=12241-H49H-B	12241-H49H-B	Human		C-His-AVI		Siglec-6 (Avi-tag Biotinylated, HPLC-verified)
Sorcin/SRI	https://www.sinobiological.com/search?keywords=14547-HNCB-B	14547-HNCB-B	Human		No tag		Sorcin/SRI (Biotinylated)
Syndecan-1/CD138	https://www.sinobiological.com/search?keywords=11429-H49H-B	11429-H49H-B	Human		C-His-AVI		Syndecan-1/CD138 (Biotinylated)
TCCR/IL-27R alpha	https://www.sinobiological.com/search?keywords=5A7678-M49H-B	5A7678-M49H-B	Mouse		C-His-AVI		TCCR/IL-27R alpha (Biotinylated, HPLC-verified)
TFPI	https://www.sinobiological.com/search?keywords=10564-H08H-B	10564-H08H-B	Human		C-His		TFPI (Amine-Labeled Biotinylated)
TGF beta 1	https://www.sinobiological.com/search?keywords=10804-H08H-B	10804-H08H-B	Human		C-His		TGF beta 1 (Latent,Amine-Labeled Biotinylated)
TGF beta 2	https://www.sinobiological.com/search?keywords=50153-M08H-B	50153-M08H-B	Mouse		C-His		TGF beta 2 (Amine-Labeled Biotinylated)
TGF-beta RII/TGFBR2	https://www.sinobiological.com/search?keywords=10358-H03H-B	10358-H03H-B	Human		C-hFc & His		TGF-beta RII/TGFBR2 (Amine-Labeled Biotinylated)
TIE-2	https://www.sinobiological.com/search?keywords=51087-M08H-B	51087-M08H-B	Mouse		C-His		TIE-2 (Amine-Labeled Biotinylated, HPLC-verified)
TIGIT	https://www.sinobiological.com/search?keywords=10917-H02H-B	10917-H02H-B	Human		C-hFc		TIGIT (Amine-Labeled Biotinylated)
TIM-1/HAVCR1	https://www.sinobiological.com/search?keywords=11051-H49H-B	11051-H49H-B	Human		C-His-AVI		TIM-1/HAVCR1 (Avi-tag Biotinylated, HPLC-verified)
TIM-3/HAVCR2	https://www.sinobiological.com/search?keywords=10390-H08H-B	10390-H08H-B	Human		C-His		TIM-3/HAVCR2 (Amine-Labeled Biotinylated)
TL1A/TNFSF15	https://www.sinobiological.com/search?keywords=80150-R07H-B	80150-R07H-B	Rat		N-His		TL1A/TNFSF15 (Biotinylated, HPLC-verified)
TNF-alpha	https://www.sinobiological.com/search?keywords=50349-MNAE-B	50349-MNAE-B	Mouse		No tag		TNF-alpha (Amine-Labeled Biotinylated)
TNFR-2 / CD120b	https://www.sinobiological.com/search?keywords=10417-H27H-B	10417-H27H-B	Human		C-AVI & His		TNFR-2 / CD120b (Biotinylated, HPLC-verified)
TNFR1/CD120a	https://www.sinobiological.com/search?keywords=10872-H27H-B	10872-H27H-B	Human		C-AVI & His		TNFR1/CD120a (Biotinylated, HPLC-verified)
TOP1	https://www.sinobiological.com/search?keywords=17455-H07B-B	17455-H07B-B	Human		N-His		TOP1 (Biotinylated)
TREM-2	https://www.sinobiological.com/search?keywords=11084-H49H-B	11084-H49H-B	Human		C-His-AVI		TREM-2 (Biotinylated, HPLC-verified)
TRIM21	https://www.sinobiological.com/search?keywords=59826-M56B-B	59826-M56B-B	Mouse		N-His & AVI		TRIM21 (Avi-tag Biotinylated)
TROP-2	https://www.sinobiological.com/search?keywords=10428-H41H-B	10428-H41H-B	Human		C-hFc & AVI		TROP-2 (Biotinylated, HPLC-verified)
TSLP	https://www.sinobiological.com/search?keywords=16135-H49H-B	16135-H49H-B	Human		C-His-AVI		TSLP (Avi-tag Biotinylated, HPLC-verified)
TSPAN8	https://www.sinobiological.com/search?keywords=91064-C44H-B	91064-C44H-B	Cynomolgus		N-AVI-His		TSPAN8 (Avi-tag Biotinylated)
Tau	https://www.sinobiological.com/search?keywords=T08-54BN	T08-54BN	Human		No tag		Tau (Tau-441,Biotinylated)
Tim4/TIMD4	https://www.sinobiological.com/search?keywords=12161-H08H-B	12161-H08H-B	Human		C-His		Tim4/TIMD4 (Amine-Labeled Biotinylated)
Tissue Factor	https://www.sinobiological.com/search?keywords=13133-H41H-B	13133-H41H-B	Human		C-hFc & AVI		Tissue Factor (Biotinylated, HPLC-verified)
Transferrin Receptor/TFR1/CD71	https://www.sinobiological.com/search?keywords=11020-H07H-B	11020-H07H-B	Human		N-His		Transferrin Receptor/TFR1/CD71 (Amine-Labeled Biotinylated)
TrkA	https://www.sinobiological.com/search?keywords=11073-H41H-B	11073-H41H-B	Human		C-hFc & AVI		TrkA (Biotinylated, HPLC-verified)
TrkB	https://www.sinobiological.com/search?keywords=10047-H08H-B	10047-H08H-B	Human		C-His		TrkB (Amine-Labeled Biotinylated)
UBC9/UBE2I	https://www.sinobiological.com/search?keywords=13205-HNCE-B	13205-HNCE-B	Human		No tag		UBC9/UBE2I (Biotinylated)
UBE2B	https://www.sinobiological.com/search?keywords=51243-MNCE-B	51243-MNCE-B	Mouse		No tag		UBE2B (Biotinylated)
ULBP1/NKG2DL1	https://www.sinobiological.com/search?keywords=10679-H27H-B	10679-H27H-B	Human		C-AVI & His		ULBP1/NKG2DL1 (Biotinylated, HPLC-verified)
ULBP2/NKG2DL2	https://www.sinobiological.com/search?keywords=12143-H27H-B	12143-H27H-B	Human		C-AVI & His		ULBP2/NKG2DL2 (Biotinylated, HPLC-verified)
VCAM-1/CD106	https://www.sinobiological.com/search?keywords=10113-H02H-B	10113-H02H-B	Human		C-hFc		VCAM-1/CD106 (Amine-Labeled Biotinylated, HPLC-verified)
VEGF-A	https://www.sinobiological.com/search?keywords=11066-H27H-B	11066-H27H-B	Human,Cynomolgus		C-AVI & His		VEGF-A (VEGF165,Biotinylated)
VEGFR1/FLT1	https://www.sinobiological.com/search?keywords=51045-M49H-B	51045-M49H-B	Mouse		C-His-AVI		VEGFR1/FLT1 (Biotinylated)
VEGFR2/KDR	https://www.sinobiological.com/search?keywords=10012-H02H1-B	10012-H02H1-B	Human		C-hFc		VEGFR2/KDR (Amine-Labeled Biotinylated)
VEGFR3/FLT4	https://www.sinobiological.com/search?keywords=10806-H27H-B	10806-H27H-B	Human		C-AVI & His		VEGFR3/FLT4 (Biotinylated, HPLC-verified)
VISTA/B7-H5	https://www.sinobiological.com/search?keywords=13482-H49H-B	13482-H49H-B	Human		C-His-AVI		VISTA/B7-H5 (Biotinylated, HPLC-verified)
VSIG2	https://www.sinobiological.com/search?keywords=11543-H08H-B	11543-H08H-B	Human		C-His		VSIG2 (Amine-Labeled Biotinylated)
VSIG4	https://www.sinobiological.com/search?keywords=12163-H02H-B	12163-H02H-B	Human		C-hFc		VSIG4 (Amine-Labeled Biotinylated)
Von Willebrand Factor/vWF	https://www.sinobiological.com/search?keywords=10973-H49E-B	10973-H49E-B	Human		C-His-AVI		Von Willebrand Factor/vWF (Avi-tag Biotinylated)
ZIKV Envelope	https://www.sinobiological.com/search?keywords=40543-V08H-B	40543-V08H-B	"ZIKV
strain Zika SPH2015"		C-His		ZIKV Envelope (Amine-Labeled Biotinylated)
alpha-Synuclein	https://www.sinobiological.com/search?keywords=12093-H49E-B	12093-H49E-B	Human		C-His-AVI		alpha-Synuclein (Biotinylated)
c-Kit	https://www.sinobiological.com/search?keywords=11996-H49H-B	11996-H49H-B	Human		C-His-AVI		c-Kit (Biotinylated, HPLC-verified)
c-MET/HGFR	https://www.sinobiological.com/search?keywords=10692-H27H-B	10692-H27H-B	Human		C-AVI & His		c-MET/HGFR (Biotinylated, HPLC-verified)
carbonic anhydrase XII/CA12	https://www.sinobiological.com/search?keywords=10617-H49H-B	10617-H49H-B	Human		C-His-AVI		carbonic anhydrase XII/CA12 (Biotinylated, HPLC-verified)
gE/glycoprotein E	https://www.sinobiological.com/search?keywords=40907-V08H-B	40907-V08H-B	"VZV
strain Oka vaccine"		C-His		gE/glycoprotein E (Biotinylated)
