Catalog	Description	Species	Expression Host	Sequence	Tag	Activity	Images	sku	url	protein_name	gene_symbol	tags	species	expression_host	target_name	antigen_url
50691-M09E-B	14-3-3 epsilon (Biotinylated)	Mouse	E. coli	Met1-Gln255	N-GST	No	Yes	50691-M09E-B		14-3-3 epsilon (Biotinylated)		N-GST	Mouse		14-3-3 epsilon	https://www.sinobiological.com/search?keywords=50691-M09E-B
10042-H41H-B	2B4/CD244 (Biotinylated)	Human	HEK293 Cells	Met1-Arg221	C-hFc & AVI	Binding activity	Yes	10042-H41H-B		2B4/CD244 (Biotinylated)		C-hFc & AVI	Human		2B4/CD244	https://www.sinobiological.com/search?keywords=10042-H41H-B
15693-H42H-B	4-1BB Ligand/TNFSF9 (Biotinylated)	Human	HEK293 Cells	Arg71-Glu254	N-AVI & hFc	Binding activity	Yes	15693-H42H-B		4-1BB Ligand/TNFSF9 (Biotinylated)		N-AVI & hFc	Human		4-1BB Ligand/TNFSF9	https://www.sinobiological.com/search?keywords=15693-H42H-B
10041-H08H-B	4-1BB/CD137 (Amine-Labeled Biotinylated, HPLC-verified)	Human	HEK293 Cells	Met1-Gln186	C-His	Binding activity	Yes	10041-H08H-B		4-1BB/CD137 (Amine-Labeled Biotinylated, HPLC-verified)		C-His	Human		4-1BB/CD137	https://www.sinobiological.com/search?keywords=10041-H08H-B
10904-H49H-B	5'-nucleotidase/CD73/NT5E (Biotinylated, HPLC-verified)	Human	HEK293 Cells	Met1-Lys547	C-His-AVI	No	Yes	10904-H49H-B		5'-nucleotidase/CD73/NT5E (Biotinylated, HPLC-verified)		C-His-AVI	Human		5'-nucleotidase/CD73/NT5E	https://www.sinobiological.com/search?keywords=10904-H49H-B
41038-V44E-B	A27L Protein (Avi-tag Biotinylated, HPLC-verified)	"MPXV
strain Zaire-96-I-16"	E. coli	Leu428-Thr695	N-AVI-His	No	Yes	41038-V44E-B		A27L Protein (Avi-tag Biotinylated, HPLC-verified)		N-AVI-His	"MPXV
strain Zaire-96-I-16"		A27L Protein	https://www.sinobiological.com/search?keywords=41038-V44E-B
10108-H27B-B	ACE2 (Biotinylated)	Human	Baculovirus-Insect Cells	Met1-Ser740	C-AVI & His	Binding activity	Yes	10108-H27B-B		ACE2 (Biotinylated)		C-AVI & His	Human		ACE2	https://www.sinobiological.com/search?keywords=10108-H27B-B
10229-H08H-B	ACVR2B (Biotinylated, HPLC-verified)	Human	HEK293 Cells	Met1-Thr134	C-His	Bioactivity	Yes	10229-H08H-B		ACVR2B (Biotinylated, HPLC-verified)		C-His	Human		ACVR2B	https://www.sinobiological.com/search?keywords=10229-H08H-B
13735-H08H-B	AMIGO2 (Amine-Labeled Biotinylated)	Human	HEK293 Cells	Met1-Thr398	C-His	No	Yes	13735-H08H-B		AMIGO2 (Amine-Labeled Biotinylated)		C-His	Human		AMIGO2	https://www.sinobiological.com/search?keywords=13735-H08H-B
10610-H44H1-B	APRIL/TNFSF13 (Avi-tag Biotinylated, MALS-verified)	Human	HEK293 Cells	Gln111-Leu250	N-AVI-His	Binding activity	Yes	10610-H44H1-B		APRIL/TNFSF13 (Avi-tag Biotinylated, MALS-verified)		N-AVI-His	Human		APRIL/TNFSF13	https://www.sinobiological.com/search?keywords=10610-H44H1-B
14968-H49E-B	ARF1 (Biotinylated, HPLC-verified)	Human	E. coli	Met1-Lys181	C-His-AVI	No	Yes	14968-H49E-B		ARF1 (Biotinylated, HPLC-verified)		C-His-AVI	Human		ARF1	https://www.sinobiological.com/search?keywords=14968-H49E-B
50083-M07H-B	ASGR1 (Amine-Labeled Biotinylated)	Mouse	HEK293 Cells	Ser60-Asn284	N-His	No	Yes	50083-M07H-B		ASGR1 (Amine-Labeled Biotinylated)		N-His	Mouse		ASGR1	https://www.sinobiological.com/search?keywords=50083-M07H-B
15605-H09E-B	ATP6V1F (Biotinylated)	Human	E. coli	Met1-Arg119	N-GST	No	Yes	15605-H09E-B		ATP6V1F (Biotinylated)		N-GST	Human		ATP6V1F	https://www.sinobiological.com/search?keywords=15605-H09E-B
10968-HNAY2-B	Albumin (Amine-Labeled Biotinylated)	Human	Yeast	Asp25-Leu609	No tag	No	Yes	10968-HNAY2-B		Albumin (Amine-Labeled Biotinylated)		No tag	Human		Albumin	https://www.sinobiological.com/search?keywords=10968-HNAY2-B
10440-H17H-B	Alkaline Phosphatase/ALPL (Avi-tag Biotinylated, HPLC-verified)	Human	HEK293 Cells	Met1-Ser502	C-AVI	No	Yes	10440-H17H-B		Alkaline Phosphatase/ALPL (Avi-tag Biotinylated, HPLC-verified)		C-AVI	Human		Alkaline Phosphatase/ALPL	https://www.sinobiological.com/search?keywords=10440-H17H-B
10691-H08S-B	Angiopoietin-2/ANGPT2 (Amine-Labeled Biotinylated)	Human	CHO Stable Cells	Met1-Phe496	C-His	Binding activity	Yes	10691-H08S-B		Angiopoietin-2/ANGPT2 (Amine-Labeled Biotinylated)		C-His	Human		Angiopoietin-2/ANGPT2	https://www.sinobiological.com/search?keywords=10691-H08S-B
10448-HNAE-B	Annexin V/ANXA5 (Amine-Labeled Biotinylated)	Human	E. coli	Met1-Asp320	No tag	No	Yes	10448-HNAE-B		Annexin V/ANXA5 (Amine-Labeled Biotinylated)		No tag	Human		Annexin V/ANXA5	https://www.sinobiological.com/search?keywords=10448-HNAE-B
10817-H30E-B	Apolipoprotein E/APOE (isoform E3,Amine-Labeled Biotinylated)	Human	E. coli	Lys19-His317	N-Trx	No	Yes	10817-H30E-B		Apolipoprotein E/APOE (isoform E3,Amine-Labeled Biotinylated)		N-Trx	Human		Apolipoprotein E/APOE	https://www.sinobiological.com/search?keywords=10817-H30E-B
40902-V08H-B	B6R Protein (Amine-Labeled Biotinylated)	"MPXV
West African strains"	HEK293 Cells	Tyr18-His279	C-His	No	Yes	40902-V08H-B		B6R Protein (Amine-Labeled Biotinylated)		C-His	"MPXV
West African strains"		B6R Protein	https://www.sinobiological.com/search?keywords=40902-V08H-B
10698-H49H-B	B7-1/CD80 (HPLC-verified, Biotinylated)	Human	HEK293 Cells	Met1-Asn242	C-His-AVI	Binding activity	Yes	10698-H49H-B		B7-1/CD80 (HPLC-verified, Biotinylated)		C-His-AVI	Human		B7-1/CD80	https://www.sinobiological.com/search?keywords=10698-H49H-B
10699-H49H-B	B7-2/CD86 (Biotinylated)	Human	HEK293 Cells	Met1-His239	C-His-AVI	Binding activity	Yes	10699-H49H-B		B7-2/CD86 (Biotinylated)		C-His-AVI	Human		B7-2/CD86	https://www.sinobiological.com/search?keywords=10699-H49H-B
11559-H08H-B	B7-H2/ICOSLG (Amine-Labeled Biotinylated)	Human	HEK293 Cells	Met1-Ser258	C-His	Binding activity	Yes	11559-H08H-B		B7-H2/ICOSLG (Amine-Labeled Biotinylated)		C-His	Human		B7-H2/ICOSLG	https://www.sinobiological.com/search?keywords=11559-H08H-B
50973-M08H-B	B7-H3 (Amine-Labeled Biotinylated)	Mouse	HEK293 Cells	Met1-Phe244	C-His	No	Yes	50973-M08H-B		B7-H3 (Amine-Labeled Biotinylated)		C-His	Mouse		B7-H3	https://www.sinobiological.com/search?keywords=50973-M08H-B
10738-H27H-B	B7-H4 (Biotinylated, HPLC-verified)	Human	HEK293 Cells	Phe29-Ala258	C-AVI & His	No	Yes	10738-H27H-B		B7-H4 (Biotinylated, HPLC-verified)		C-AVI & His	Human		B7-H4	https://www.sinobiological.com/search?keywords=10738-H27H-B
16140-H08H-B	B7-H6/NCR3LG1 (Amine-Labeled Biotinylated)	Human	HEK293 Cells	Met1-Ser262	C-His	No	Yes	16140-H08H-B		B7-H6/NCR3LG1 (Amine-Labeled Biotinylated)		C-His	Human		B7-H6/NCR3LG1	https://www.sinobiological.com/search?keywords=16140-H08H-B
16139-H08H-B	B7-H7/HHLA2 (Amine-Labeled Biotinylated)	Human	HEK293 Cells	Met1-Asn344	C-His	No	Yes	16139-H08H-B		B7-H7/HHLA2 (Amine-Labeled Biotinylated)		C-His	Human		B7-H7/HHLA2	https://www.sinobiological.com/search?keywords=16139-H08H-B
10056-H42H-B	BAFF/BLyS/TNFSF13B (Biotinylated, Trimer, MALS-verified)	Human	HEK293 Cells	Ala134-Leu285	N-AVI & hFc	Binding activity	Yes	10056-H42H-B		BAFF/BLyS/TNFSF13B (Biotinylated, Trimer, MALS-verified)		N-AVI & hFc	Human		BAFF/BLyS/TNFSF13B	https://www.sinobiological.com/search?keywords=10056-H42H-B
16079-H41H-B	BAFFR/TNFRSF13C (Biotinylated, HPLC-verified)	Human	HEK293 Cells	Arg2-Ala71	C-hFc & AVI	Binding activity	Yes	16079-H41H-B		BAFFR/TNFRSF13C (Biotinylated, HPLC-verified)		C-hFc & AVI	Human		BAFFR/TNFRSF13C	https://www.sinobiological.com/search?keywords=16079-H41H-B
50076-M42H-B	BCMA (Biotinylated)	Mouse	HEK293 Cells	Met1-Thr49	C-hFc & AVI	Binding activity	Yes	50076-M42H-B		BCMA (Biotinylated)		C-hFc & AVI	Mouse		BCMA	https://www.sinobiological.com/search?keywords=50076-M42H-B
11895-H41H-B	BTLA (Biotinylated, HPLC-verified)	Human	HEK293 Cells	Met1-Thr134	C-hFc & AVI	Binding activity	Yes	11895-H41H-B		BTLA (Biotinylated, HPLC-verified)		C-hFc & AVI	Human		BTLA	https://www.sinobiological.com/search?keywords=11895-H41H-B
30072-H27H-B	BTN1A1/Butyrophilin (Biotinylated, HPLC-verified)	Human	HEK293 Cells	Met1-Arg242	C-AVI & His	No	Yes	30072-H27H-B		BTN1A1/Butyrophilin (Biotinylated, HPLC-verified)		C-AVI & His	Human		BTN1A1/Butyrophilin	https://www.sinobiological.com/search?keywords=30072-H27H-B
11250-HNAH-B	C-Reactive Protein (Amine-Labeled Biotinylated, HPLC-verified)	Human	HEK293 Cells	Met1-Pro224	No tag	No	Yes	11250-HNAH-B		C-Reactive Protein (Amine-Labeled Biotinylated, HPLC-verified)		No tag	Human		C-Reactive Protein	https://www.sinobiological.com/search?keywords=11250-HNAH-B
11168-H08H-B	CADM1 (Amine-Labeled Biotinylated)	Human	HEK293 Cells	Met1-His374	C-His	Binding activity	Yes	11168-H08H-B		CADM1 (Amine-Labeled Biotinylated)		C-His	Human		CADM1	https://www.sinobiological.com/search?keywords=11168-H08H-B
"11438-H113H-
DD-B"	CCR6 (Detergent,Avi-tag Biotinylated)	Human	HEK293 Cells	Met1-Met374	N-Flag-Strep & C-AVI	Binding activity	Yes	"11438-H113H-
DD-B"		CCR6 (Detergent,Avi-tag Biotinylated)		N-Flag-Strep & C-AVI	Human		CCR6	"https://www.sinobiological.com/search?keywords=11438-H113H-
DD-B"
10805-HNCH-B	CD10/Neprilysin (Biotinylated)	Human	HEK293 Cells	Tyr52-Trp750	No tag	No	Yes	10805-HNCH-B		CD10/Neprilysin (Biotinylated)		No tag	Human		CD10/Neprilysin	https://www.sinobiological.com/search?keywords=10805-HNCH-B
10115-H08H-B	CD146/MCAM (Amine-Labeled Biotinylated)	Human	HEK293 Cells	Met1-Gly559	C-His	No	Yes	10115-H08H-B		CD146/MCAM (Amine-Labeled Biotinylated)		C-His	Human		CD146/MCAM	https://www.sinobiological.com/search?keywords=10115-H08H-B
10186-H49H-B	CD147/Basigin/EMMPRIN (Avi-tag Biotinylated, HPLC-verified)	Human	HEK293 Cells	Met1-His205	C-His-AVI	No	Yes	10186-H49H-B		CD147/Basigin/EMMPRIN (Avi-tag Biotinylated, HPLC-verified)		C-His-AVI	Human		CD147/Basigin/EMMPRIN	https://www.sinobiological.com/search?keywords=10186-H49H-B
50259-M41H-B	CD155/PVR (Biotinylated, HPLC-verified)	Mouse	HEK293 Cells	Met1-Arg345	C-hFc & AVI	Binding activity	Yes	50259-M41H-B		CD155/PVR (Biotinylated, HPLC-verified)		C-hFc & AVI	Mouse		CD155/PVR	https://www.sinobiological.com/search?keywords=50259-M41H-B
50036-M27H-B	CD16-2/FCGR4/Fc gamma RIV (Biotinylated)	Mouse	HEK293 Cells	Met1-Gln203	C-AVI & His	Binding activity	Yes	50036-M27H-B		CD16-2/FCGR4/Fc gamma RIV (Biotinylated)		C-AVI & His	Mouse		CD16-2/FCGR4/Fc gamma RIV	https://www.sinobiological.com/search?keywords=50036-M27H-B
50326-M27H-B	CD16/FCGR3/Fc gamma RIII (Biotinylated, HPLC-verified)	Mouse	HEK293 Cells	Met1-Thr215	C-AVI & His	Binding activity	Yes	50326-M27H-B		CD16/FCGR3/Fc gamma RIII (Biotinylated, HPLC-verified)		C-AVI & His	Mouse		CD16/FCGR3/Fc gamma RIII	https://www.sinobiological.com/search?keywords=50326-M27H-B
10389-H27H1-B	CD16a/FCGR3A/Fc gamma RIIIA (V176,Biotinylated, HPLC-verified)	Human	HEK293 Cells	Met1-Gln208	C-AVI & His	Binding activity	Yes	10389-H27H1-B		CD16a/FCGR3A/Fc gamma RIIIA (V176,Biotinylated, HPLC-verified)		C-AVI & His	Human		CD16a/FCGR3A/Fc gamma RIIIA	https://www.sinobiological.com/search?keywords=10389-H27H1-B
11046-H27H-B	CD16b/FCGR3B/Fc gamma RIIIB (NA2 allotype,Biotinylated, HPLC-verified)	Human	HEK293 Cells	Met1-Ser200	C-AVI & His	Binding activity	Yes	11046-H27H-B		CD16b/FCGR3B/Fc gamma RIIIB (NA2 allotype,Biotinylated, HPLC-verified)		C-AVI & His	Human		CD16b/FCGR3B/Fc gamma RIIIB	https://www.sinobiological.com/search?keywords=11046-H27H-B
11880-H08H-B	CD19 (Amine-Labeled Biotinylated)	Human	HEK293 Cells	Met1-Lys291	C-His	No	Yes	11880-H08H-B		CD19 (Amine-Labeled Biotinylated)		C-His	Human		CD19	https://www.sinobiological.com/search?keywords=11880-H08H-B
11007-H34E-B	CD20 (Amine-Labeled Biotinylated)	Human	E. coli	Ile141-Ser188	N-TrxA	Binding activity	Yes	11007-H34E-B		CD20 (Amine-Labeled Biotinylated)		N-TrxA	Human		CD20	https://www.sinobiological.com/search?keywords=11007-H34E-B
10886-H49H-B	CD200 (Biotinylated, HPLC-verified)	Human	HEK293 Cells	Met1-Gly232	C-His-AVI	Binding activity	Yes	10886-H49H-B		CD200 (Biotinylated, HPLC-verified)		C-His-AVI	Human		CD200	https://www.sinobiological.com/search?keywords=10886-H49H-B
11030-H41H-B	CD24 (Biotinylated, HPLC-verified)	Human	HEK293 Cells	Met1-Gly59	C-hFc & AVI	No	Yes	11030-H41H-B		CD24 (Biotinylated, HPLC-verified)		C-hFc & AVI	Human		CD24	https://www.sinobiological.com/search?keywords=11030-H41H-B
10165-H27H-B	CD25/IL-2R alpha (Biotinylated, HPLC-verified)	Human	HEK293 Cells	Met1-Cys213	C-AVI & His	No	Yes	10165-H27H-B		CD25/IL-2R alpha (Biotinylated, HPLC-verified)		C-AVI & His	Human		CD25/IL-2R alpha	https://www.sinobiological.com/search?keywords=10165-H27H-B
10039-H41H-B	CD27/TNFRSF7 (Biotinylated, HPLC-verified)	Human	HEK293 Cells	Met1-Ile192	C-hFc & AVI	Binding activity	Yes	10039-H41H-B		CD27/TNFRSF7 (Biotinylated, HPLC-verified)		C-hFc & AVI	Human		CD27/TNFRSF7	https://www.sinobiological.com/search?keywords=10039-H41H-B
15973-H08H-B	CD277/BTN3A1 (Amine-Labeled Biotinylated)	Human	HEK293 Cells	Met1-Gly254	C-His	No	Yes	15973-H08H-B		CD277/BTN3A1 (Amine-Labeled Biotinylated)		C-His	Human		CD277/BTN3A1	https://www.sinobiological.com/search?keywords=15973-H08H-B
11524-H41H-B	CD28 (Dimer,Biotinylated, HPLC-verified)	Human	HEK293 Cells	Met1-Pro152	C-hFc & AVI	Binding activity	Yes	11524-H41H-B		CD28 (Dimer,Biotinylated, HPLC-verified)		C-hFc & AVI	Human		CD28	https://www.sinobiological.com/search?keywords=11524-H41H-B
13820-H27H-B	CD28H/IGPR-1/TMIGD2 (Biotinylated, HPLC-verified)	Human	HEK293 Cells	Met1-Gly150	C-AVI & His	Binding activity	Yes	13820-H27H-B		CD28H/IGPR-1/TMIGD2 (Biotinylated, HPLC-verified)		C-AVI & His	Human		CD28H/IGPR-1/TMIGD2	https://www.sinobiological.com/search?keywords=13820-H27H-B
10981-H23H-B	CD3 delta/CD3D (Amine-Labeled Biotinylated)	Human	HEK293 Cells	Met1-Ala105	C-hFc & Flag	No	Yes	10981-H23H-B		CD3 delta/CD3D (Amine-Labeled Biotinylated)		C-hFc & Flag	Human		CD3 delta/CD3D	https://www.sinobiological.com/search?keywords=10981-H23H-B
10977-H08S-B	CD3 epsilon/CD3e (Amine-Labeled Biotinylated)	Human	CHO Stable Cells	Met1-Asp126	C-His	Binding activity	Yes	10977-H08S-B		CD3 epsilon/CD3e (Amine-Labeled Biotinylated)		C-His	Human		CD3 epsilon/CD3e	https://www.sinobiological.com/search?keywords=10977-H08S-B
10777-H41H-B	CD30/TNFRSF8 (Biotinylated)	Human	HEK293 Cells	Met1-Lys379	C-hFc & AVI	Binding activity	Yes	10777-H41H-B		CD30/TNFRSF8 (Biotinylated)		C-hFc & AVI	Human		CD30/TNFRSF8	https://www.sinobiological.com/search?keywords=10777-H41H-B
10374-H27H1-B	CD32A/FCGR2A (H167,Biotinylated, HPLC-verified)	Human	HEK293 Cells	Met1-Met210	C-AVI & His	Binding activity	Yes	10374-H27H1-B		CD32A/FCGR2A (H167,Biotinylated, HPLC-verified)		C-AVI & His	Human		CD32A/FCGR2A	https://www.sinobiological.com/search?keywords=10374-H27H1-B
10259-H27H-B	CD32B/Fcgr2b (Biotinylated, HPLC-verified)	Human	HEK293 Cells	Ala46-Ile224	C-AVI & His	Binding activity	Yes	10259-H27H-B		CD32B/Fcgr2b (Biotinylated, HPLC-verified)		C-AVI & His	Human		CD32B/Fcgr2b	https://www.sinobiological.com/search?keywords=10259-H27H-B
10103-H02H-B	CD34 (Amine-Labeled Biotinylated)	Human	HEK293 Cells	Met 1-Thr 290	C-hFc	No	Yes	10103-H02H-B		CD34 (Amine-Labeled Biotinylated)		C-hFc	Human		CD34	https://www.sinobiological.com/search?keywords=10103-H02H-B
10752-H49H-B	CD36 (Biotinylated, HPLC-verified)	Human	HEK293 Cells	Gly30-Asn439	C-His-AVI	No	Yes	10752-H49H-B		CD36 (Biotinylated, HPLC-verified)		C-His-AVI	Human		CD36	https://www.sinobiological.com/search?keywords=10752-H49H-B
10818-H41H-B	CD38 (Biotinylated, HPLC-verified)	Human	HEK293 Cells	Val43-Ile300	C-hFc & AVI	Binding activity	Yes	10818-H41H-B		CD38 (Biotinylated, HPLC-verified)		C-hFc & AVI	Human		CD38	https://www.sinobiological.com/search?keywords=10818-H41H-B
CT038-H2508H-B	CD3D & CD3E Heterodimer (Amine-Labeled Biotinylated, HPLC-verified)	Human	HEK293 Cells	Met1-Ala105 & Met1-Asp126	C-Flag & His	Binding activity	Yes	CT038-H2508H-B		CD3D & CD3E Heterodimer (Amine-Labeled Biotinylated, HPLC-verified)		C-Flag & His	Human		CD3D & CD3E Heterodimer	https://www.sinobiological.com/search?keywords=CT038-H2508H-B
CT123-H49H-B	CD3E & CD3G Heterodimer (Avi-tag Biotinylated, HPLC-verified)	Human	HEK293 Cells	Met1-Asp126 & Met1-Ser116	C-His-AVI	Binding activity	Yes	CT123-H49H-B		CD3E & CD3G Heterodimer (Avi-tag Biotinylated, HPLC-verified)		C-His-AVI	Human		CD3E & CD3G Heterodimer	https://www.sinobiological.com/search?keywords=CT123-H49H-B
10400-H08H-B	CD4 (Amine-Labeled Biotinylated, HPLC-verified)	Human	HEK293 Cells	Met1-Trp390	C-His	No	Yes	10400-H08H-B		CD4 (Amine-Labeled Biotinylated, HPLC-verified)		C-His	Human		CD4	https://www.sinobiological.com/search?keywords=10400-H08H-B
10239-H42H-B	CD40 Ligand/TNFSF5 (Biotinylated)	Human	HEK293 Cells	Met113-Leu261	N-hFc & AVI	Binding activity	Yes	10239-H42H-B		CD40 Ligand/TNFSF5 (Biotinylated)		N-hFc & AVI	Human		CD40 Ligand/TNFSF5	https://www.sinobiological.com/search?keywords=10239-H42H-B
50324-M49H-B	CD40/TNFRSF5 (Biotinylated)	Mouse	HEK293 Cells	Met1-Arg193	C-His-AVI	No	Yes	50324-M49H-B		CD40/TNFRSF5 (Biotinylated)		C-His-AVI	Mouse		CD40/TNFRSF5	https://www.sinobiological.com/search?keywords=50324-M49H-B
11765-H08H-B	CD42b/GP1BA (Amine-Labeled Biotinylated)	Human	HEK293 Cells	Met1-Gly519	C-His	No	Yes	11765-H08H-B		CD42b/GP1BA (Amine-Labeled Biotinylated)		C-His	Human		CD42b/GP1BA	https://www.sinobiological.com/search?keywords=11765-H08H-B
14197-H49H-B	CD45 (Biotinylated, HPLC-verified)	Human	HEK293 Cells	Gln26-Lys577	C-His-AVI	Binding activity	Yes	14197-H49H-B		CD45 (Biotinylated, HPLC-verified)		C-His-AVI	Human		CD45	https://www.sinobiological.com/search?keywords=14197-H49H-B
12283-HCCH-B	CD47 (Amine-Labeled Biotinylated, HPLC-verified)	Human	HEK293 Cells	Met1-Pro139	No tag	No	Yes	12283-HCCH-B		CD47 (Amine-Labeled Biotinylated, HPLC-verified)		No tag	Human		CD47	https://www.sinobiological.com/search?keywords=12283-HCCH-B
10797-H41H-B	CD48 (Biotinylated)	Human	HEK293 Cells	Met1-Ser220	C-hFc & AVI	Binding activity	Yes	10797-H41H-B		CD48 (Biotinylated)		C-hFc & AVI	Human		CD48	https://www.sinobiological.com/search?keywords=10797-H41H-B
11027-H27H-B	CD5 (Biotinylated, HPLC-verified)	Human	HEK293 Cells	Met1-Pro372	C-AVI & His	No	Yes	11027-H27H-B		CD5 (Biotinylated, HPLC-verified)		C-AVI & His	Human		CD5	https://www.sinobiological.com/search?keywords=11027-H27H-B
15105-H41H-B	CD52 (Biotinylated)	Human	HEK293 Cells	Met1-Ser36	C-hFc & AVI	No	Yes	15105-H41H-B		CD52 (Biotinylated)		C-hFc & AVI	Human		CD52	https://www.sinobiological.com/search?keywords=15105-H41H-B
17051-H49H-B	CD6 (Biotinylated, HPLC-verified)	Human	HEK293 Cells	Met1-Glu398	C-His-AVI	Binding activity	Yes	17051-H49H-B		CD6 (Biotinylated, HPLC-verified)		C-His-AVI	Human		CD6	https://www.sinobiological.com/search?keywords=17051-H49H-B
11271-H49H-B	CD63 (Biotinylated, HPLC-verified)	Human	HEK293 Cells	Ala103-Val203	C-His-AVI	No	Yes	11271-H49H-B		CD63 (Biotinylated, HPLC-verified)		C-His-AVI	Human		CD63	https://www.sinobiological.com/search?keywords=11271-H49H-B
10256-H27H-B	CD64/FCGR1 (Biotinylated, HPLC-verified)	Human	HEK293 Cells	Met1-Thr287	C-AVI & His	Binding activity	Yes	10256-H27H-B		CD64/FCGR1 (Biotinylated, HPLC-verified)		C-AVI & His	Human		CD64/FCGR1	https://www.sinobiological.com/search?keywords=10256-H27H-B
80307-RNAH-B	CD68 (Biotinylated)	Rat	HEK293 Cells	Met1-Ser295	No tag	No	Yes	80307-RNAH-B		CD68 (Biotinylated)		No tag	Rat		CD68	https://www.sinobiological.com/search?keywords=80307-RNAH-B
50393-M49H-B	CD7 (Biotinylated)	Mouse	HEK293 Cells	Met1-Pro150	C-His-AVI	No	Yes	50393-M49H-B		CD7 (Biotinylated)		C-His-AVI	Mouse		CD7	https://www.sinobiological.com/search?keywords=50393-M49H-B
10780-H42H-B	CD70/CD27 Ligand (Biotinylated)	Human	HEK293 Cells	Gln39-Pro193	N-hFc & AVI	Binding activity	Yes	10780-H42H-B		CD70/CD27 Ligand (Biotinylated)		N-hFc & AVI	Human		CD70/CD27 Ligand	https://www.sinobiological.com/search?keywords=10780-H42H-B
50389-M08H-B	CD8 alpha (Amine-Labeled Biotinylated)	Mouse	HEK293 Cells	Met1-Tyr196	C-His	No	Yes	50389-M08H-B		CD8 alpha (Amine-Labeled Biotinylated)		C-His	Mouse		CD8 alpha	https://www.sinobiological.com/search?keywords=50389-M08H-B
11031-HCCH-B	CD8 beta (Amine-Labeled Biotinylated)	Human	HEK293 Cells	Met1-Pro170	No tag	No	Yes	11031-HCCH-B		CD8 beta (Amine-Labeled Biotinylated)		No tag	Human		CD8 beta	https://www.sinobiological.com/search?keywords=11031-HCCH-B
91030-K49H1-B	CD89/FCAR (Biotinylated, HPLC-verified)	Rhesus	HEK293 Cells	Met1-Asn227	C-His-AVI	No	Yes	91030-K49H1-B		CD89/FCAR (Biotinylated, HPLC-verified)		C-His-AVI	Rhesus		CD89/FCAR	https://www.sinobiological.com/search?keywords=91030-K49H1-B
CT077-C2508H-B	CD8A & CD8B Heterodimer (Biotinylated)	Cynomolgus	HEK293 Cells	Met42-Asp223 & Met1-Pro170	C-Flag & His	No	Yes	CT077-C2508H-B		CD8A & CD8B Heterodimer (Biotinylated)		C-Flag & His	Cynomolgus		CD8A & CD8B Heterodimer	https://www.sinobiological.com/search?keywords=CT077-C2508H-B
11202-H41H-B	CD96 (Biotinylated)	Human	HEK293 Cells	Met1-Met503	C-hFc & AVI	Binding activity	Yes	11202-H41H-B		CD96 (Biotinylated)		C-hFc & AVI	Human		CD96	https://www.sinobiological.com/search?keywords=11202-H41H-B
12206-H07H-B	CD98 (Amine-Labeled Biotinylated)	Human	HEK293 Cells	Arg206-Ala630	N-His	No	Yes	12206-H07H-B		CD98 (Amine-Labeled Biotinylated)		N-His	Human		CD98	https://www.sinobiological.com/search?keywords=12206-H07H-B
29794-H49H-B	CDCP1 (Avi-tag Biotinylated, HPLC-verified)	Human	HEK293 Cells	Met1-Thr667	C-His-AVI	No	Yes	29794-H49H-B		CDCP1 (Avi-tag Biotinylated, HPLC-verified)		C-His-AVI	Human		CDCP1	https://www.sinobiological.com/search?keywords=29794-H49H-B
11077-H08H-B	CEACAM-5/CD66e (Amine-Labeled Biotinylated, HPLC-verified)	Human	HEK293 Cells	Met1-Ala685	C-His	No	Yes	11077-H08H-B		CEACAM-5/CD66e (Amine-Labeled Biotinylated, HPLC-verified)		C-His	Human		CEACAM-5/CD66e	https://www.sinobiological.com/search?keywords=11077-H08H-B
10823-H49H-B	CEACAM-6/CD66c (Biotinylated, HPLC-verified)	Human	HEK293 Cells	Met1-Gly320	C-His-AVI	Binding activity	Yes	10823-H49H-B		CEACAM-6/CD66c (Biotinylated, HPLC-verified)		C-His-AVI	Human		CEACAM-6/CD66c	https://www.sinobiological.com/search?keywords=10823-H49H-B
11729-H27H-B	CEACAM-8/CD66b (Biotinylated)	Human	HEK293 Cells	Met1-Ser319	C-AVI & His	Binding activity	Yes	11729-H27H-B		CEACAM-8/CD66b (Biotinylated)		C-AVI & His	Human		CEACAM-8/CD66b	https://www.sinobiological.com/search?keywords=11729-H27H-B
41094-V49H-B	CHIKV E2 glycoprotein (Avi-tag Biotinylated, HPLC-verified)	"CHIKV
UVE/CHIKV/2024/RE/CNR_79903"	HEK293 Cells	Ser326-Gln666	C-His-AVI	Binding activity	Yes	41094-V49H-B		CHIKV E2 glycoprotein (Avi-tag Biotinylated, HPLC-verified)		C-His-AVI	"CHIKV
UVE/CHIKV/2024/RE/CNR_79903"		CHIKV E2 glycoprotein	https://www.sinobiological.com/search?keywords=41094-V49H-B
11896-H42H-B	CLL-1/CLEC12A (Biotinylated, HPLC-verified)	Human	HEK293 Cells	His75-Ala275	N-AVI & hFc	Binding activity	Yes	11896-H42H-B		CLL-1/CLEC12A (Biotinylated, HPLC-verified)		N-AVI & hFc	Human		CLL-1/CLEC12A	https://www.sinobiological.com/search?keywords=11896-H42H-B
29659-H49H-B	CNTN6 (Avi-tag Biotinylated, HPLC-verified)	Human	HEK293 Cells	Met1-Ser999	C-His-AVI	No	Yes	29659-H49H-B		CNTN6 (Avi-tag Biotinylated, HPLC-verified)		C-His-AVI	Human		CNTN6	https://www.sinobiological.com/search?keywords=29659-H49H-B
11975-H08H-B	CRTAM (Biotinylated)	Human	HEK293 Cells	Met1-Ser286	C-His	Binding activity	Yes	11975-H08H-B		CRTAM (Biotinylated)		C-His	Human		CRTAM	https://www.sinobiological.com/search?keywords=11975-H08H-B
11647-H49H-B	CTHRC1 (Biotinylated, HPLC-verified)	Human	HEK293 Cells	Met1-Lys243	C-His-AVI	No	Yes	11647-H49H-B		CTHRC1 (Biotinylated, HPLC-verified)		C-His-AVI	Human		CTHRC1	https://www.sinobiological.com/search?keywords=11647-H49H-B
11159-H08H-B	CTLA-4 (Amine-Labeled Biotinylated)	Human	HEK293 Cells	Met1-Phe162	C-His	Binding activity	Yes	11159-H08H-B		CTLA-4 (Amine-Labeled Biotinylated)		C-His	Human		CTLA-4	https://www.sinobiological.com/search?keywords=11159-H08H-B
"18301-H113H-
DD-B"	CXCR5 (Detergent,Avi-tag Biotinylated)	Human	HEK293 Cells	Met1-Phe372	N-Flag-Strep & C-AVI	Binding activity	Yes	"18301-H113H-
DD-B"		CXCR5 (Detergent,Avi-tag Biotinylated)		N-Flag-Strep & C-AVI	Human		CXCR5	"https://www.sinobiological.com/search?keywords=18301-H113H-
DD-B"
"12504-H113H-
DD-B"	CXCR6 (Detergent,Avi-tag Biotinylated)	Human	HEK293 Cells	Met1-Ile306	N-Flag-Strep & C-AVI	Binding activity	Yes	"12504-H113H-
DD-B"		CXCR6 (Detergent,Avi-tag Biotinylated)		N-Flag-Strep & C-AVI	Human		CXCR6	"https://www.sinobiological.com/search?keywords=12504-H113H-
DD-B"
11360-H49H-B	Cadherin-17 (Biotinylated)	Human	HEK293 Cells	Met1-Met787	C-His-AVI	Binding activity	Yes	11360-H49H-B		Cadherin-17 (Biotinylated)		C-His-AVI	Human		Cadherin-17	https://www.sinobiological.com/search?keywords=11360-H49H-B
10472-H08S-B	Carbonic Anhydrase IV/CA4 (Amine-Labeled Biotinylated)	Human	CHO Stable Cells	Met1-Lys283	C-His	No	Yes	10472-H08S-B		Carbonic Anhydrase IV/CA4 (Amine-Labeled Biotinylated)		C-His	Human		Carbonic Anhydrase IV/CA4	https://www.sinobiological.com/search?keywords=10472-H08S-B
50660-M08H-B	Carbonic Anhydrase IX/CA9 (Amine-Labeled Biotinylated)	Mouse	HEK293 Cells	Met1-Asp390	C-His	No	Yes	50660-M08H-B		Carbonic Anhydrase IX/CA9 (Amine-Labeled Biotinylated)		C-His	Mouse		Carbonic Anhydrase IX/CA9	https://www.sinobiological.com/search?keywords=50660-M08H-B
10458-H08H-B	Carbonic Anhydrase XIV/CA14 (Amine-Labeled Biotinylated)	Human	HEK293 Cells	Met1-Met290	C-His	No	Yes	10458-H08H-B		Carbonic Anhydrase XIV/CA14 (Amine-Labeled Biotinylated)		C-His	Human		Carbonic Anhydrase XIV/CA14	https://www.sinobiological.com/search?keywords=10458-H08H-B
11227-H49H-B	Chitinase 3-like 1/CHI3L1 (Avi-tag Biotinylated, HPLC-verified)	Human	HEK293 Cells	Met1-Thr383	C-His-AVI	No	Yes	11227-H49H-B		Chitinase 3-like 1/CHI3L1 (Avi-tag Biotinylated, HPLC-verified)		C-His-AVI	Human		Chitinase 3-like 1/CHI3L1	https://www.sinobiological.com/search?keywords=11227-H49H-B
"16358-H73H-
NA-B"	Claudin-4/CLDN4 (Nanodisc, Full-length,Avi-tag Biotinylated)	Human	HEK293 Cells	Ala2-Val209	N-Avi & C-His	Binding activity	Yes	"16358-H73H-
NA-B"		Claudin-4/CLDN4 (Nanodisc, Full-length,Avi-tag Biotinylated)		N-Avi & C-His	Human		Claudin-4/CLDN4	"https://www.sinobiological.com/search?keywords=16358-H73H-
NA-B"
"16658-H49H-
NA-B"	Claudin-6 (Biotinylated, Nanodisc)	Human	HEK293 Cells	Met1-Thr184	C-His-AVI	Binding activity	Yes	"16658-H49H-
NA-B"		Claudin-6 (Biotinylated, Nanodisc)		C-His-AVI	Human		Claudin-6	"https://www.sinobiological.com/search?keywords=16658-H49H-
NA-B"
"21185-H49H-
NA-B"	Claudin-9 (Biotinylated, Nanodisc)	Human	HEK293 Cells	Met1-Thr184	C-His-AVI	Binding activity	Yes	"21185-H49H-
NA-B"		Claudin-9 (Biotinylated, Nanodisc)		C-His-AVI	Human		Claudin-9	"https://www.sinobiological.com/search?keywords=21185-H49H-
NA-B"
51136-MNAE-B	Complement C5 (C5a,Amine-Labeled Biotinylated)	Mouse	E. coli	Asn679-Arg755	No tag	No	Yes	51136-MNAE-B		Complement C5 (C5a,Amine-Labeled Biotinylated)		No tag	Mouse		Complement C5	https://www.sinobiological.com/search?keywords=51136-MNAE-B
91039-C49H-B	Contactin-1 (Avi-tag Biotinylated, HPLC-verified)	Cynomolgus	HEK293 Cells	Met1-Ser993	C-His-AVI	No	Yes	91039-C49H-B		Contactin-1 (Avi-tag Biotinylated, HPLC-verified)		C-His-AVI	Cynomolgus		Contactin-1	https://www.sinobiological.com/search?keywords=91039-C49H-B
40588-V27B-B	Coronavirus Nucleocapsid (Biotinylated)	"SARS-CoV-2
SARS-CoV-2"	Baculovirus-Insect Cells	Met1-Ala419	C-AVI & His	No	Yes	40588-V27B-B		Coronavirus Nucleocapsid (Biotinylated)		C-AVI & His	"SARS-CoV-2
SARS-CoV-2"		Coronavirus Nucleocapsid	https://www.sinobiological.com/search?keywords=40588-V27B-B
40592-V08B-B	Coronavirus spike (RBD,Amine-Labeled Biotinylated)	"SARS-CoV-2
SARS-CoV-2"	Baculovirus-Insect Cells	Arg319-Phe541	C-His	Binding activity	Yes	40592-V08B-B		Coronavirus spike (RBD,Amine-Labeled Biotinylated)		C-His	"SARS-CoV-2
SARS-CoV-2"		Coronavirus spike	https://www.sinobiological.com/search?keywords=40592-V08B-B
10998-H27H-B	Cortisol Binding Globulin/CBG (Biotinylated, HPLC-verified)	Human	HEK293 Cells	Met1-Val405	C-AVI & His	No	Yes	10998-H27H-B		Cortisol Binding Globulin/CBG (Biotinylated, HPLC-verified)		C-AVI & His	Human		Cortisol Binding Globulin/CBG	https://www.sinobiological.com/search?keywords=10998-H27H-B
10436-H44E-B	Cyclophilin A (Avi-tag Biotinylated, HPLC-verified)	Human	E. coli	Met1-Glu165	N-AVI-His	No	Yes	10436-H44E-B		Cyclophilin A (Avi-tag Biotinylated, HPLC-verified)		N-AVI-His	Human		Cyclophilin A	https://www.sinobiological.com/search?keywords=10436-H44E-B
10730-H49H-B	DDR1 (Avi-tag Biotinylated, HPLC-verified)	Human	HEK293 Cells	Met1-Thr416	C-His-AVI	No	Yes	10730-H49H-B		DDR1 (Avi-tag Biotinylated, HPLC-verified)		C-His-AVI	Human		DDR1	https://www.sinobiological.com/search?keywords=10730-H49H-B
10209-H49H-B	DDR2 (Avi-tag Biotinylated, HPLC-verified)	Human	HEK293 Cells	Met1-Arg399	C-His-AVI	Binding activity	Yes	10209-H49H-B		DDR2 (Avi-tag Biotinylated, HPLC-verified)		C-His-AVI	Human		DDR2	https://www.sinobiological.com/search?keywords=10209-H49H-B
11476-H56H-B	DICR/CLEC4A (Avi-tag Biotinylated, HPLC-verified)	Human	HEK293 Cells	Gln70-Leu237	N-His & AVI	No	Yes	11476-H56H-B		DICR/CLEC4A (Avi-tag Biotinylated, HPLC-verified)		N-His & AVI	Human		DICR/CLEC4A	https://www.sinobiological.com/search?keywords=11476-H56H-B
91003-C49H-B	DLL3 (Avi-tag Biotinylated, HPLC-verified)	Cynomolgus	HEK293 Cells	Ala27-Arg490	C-His-AVI	Binding activity	Yes	91003-C49H-B		DLL3 (Avi-tag Biotinylated, HPLC-verified)		C-His-AVI	Cynomolgus		DLL3	https://www.sinobiological.com/search?keywords=91003-C49H-B
10171-H49H-B	DLL4 (Biotinylated, HPLC-verified)	Human	HEK293 Cells	Met1-Pro524	C-His-AVI	Binding activity	Yes	10171-H49H-B		DLL4 (Biotinylated, HPLC-verified)		C-His-AVI	Human		DLL4	https://www.sinobiological.com/search?keywords=10171-H49H-B
10565-H08H-B	DNAM-1/CD226 (Amine-Labeled Biotinylated)	Human	HEK293 Cells	Met1-Asn247	C-His	No	Yes	10565-H08H-B		DNAM-1/CD226 (Amine-Labeled Biotinylated)		C-His	Human		DNAM-1/CD226	https://www.sinobiological.com/search?keywords=10565-H08H-B
13543-H49H-B	DPEP1 (Avi-tag Biotinylated, HPLC-verified)	Human	HEK293 Cells	Met1-Ser385	C-His-AVI	No	Yes	13543-H49H-B		DPEP1 (Avi-tag Biotinylated, HPLC-verified)		C-His-AVI	Human		DPEP1	https://www.sinobiological.com/search?keywords=13543-H49H-B
12095-H02H-B	DR3/TNFRSF25 (Amine-Labeled Biotinylated)	Human	HEK293 Cells	Met1-Gln199	C-hFc	No	Yes	12095-H02H-B		DR3/TNFRSF25 (Amine-Labeled Biotinylated)		C-hFc	Human		DR3/TNFRSF25	https://www.sinobiological.com/search?keywords=12095-H02H-B
10465-H49H-B	DR5/TRAIL R2 (Biotinylated, HPLC-verified)	Human	HEK293 Cells	Met1-Glu182	C-His-AVI	Binding activity	Yes	10465-H49H-B		DR5/TRAIL R2 (Biotinylated, HPLC-verified)		C-His-AVI	Human		DR5/TRAIL R2	https://www.sinobiological.com/search?keywords=10465-H49H-B
10175-H49H-B	DR6/TNFRSF21 (Avi-tag Biotinylated, HPLC-verified)	Human	HEK293 Cells	Met1-Leu350	C-His-AVI	No	Yes	10175-H49H-B		DR6/TNFRSF21 (Avi-tag Biotinylated, HPLC-verified)		C-His-AVI	Human		DR6/TNFRSF21	https://www.sinobiological.com/search?keywords=10175-H49H-B
10224-H02B-B	DcR3/TNFRSF6B (Biotinylated)	Human	Baculovirus-Insect Cells	Met1-His300	C-hFc	No	Yes	10224-H02B-B		DcR3/TNFRSF6B (Biotinylated)		C-hFc	Human		DcR3/TNFRSF6B	https://www.sinobiological.com/search?keywords=10224-H02B-B
10215-H42H-B	Dectin-1/CLEC7A (Avi-tag Biotinylated, HPLC-verified)	Human	HEK293 Cells	Thr66-Met201	N-hFc & AVI	No	Yes	10215-H42H-B		Dectin-1/CLEC7A (Avi-tag Biotinylated, HPLC-verified)		N-hFc & AVI	Human		Dectin-1/CLEC7A	https://www.sinobiological.com/search?keywords=10215-H42H-B
10204-H02H-B	E-Cadherin (Amine-Labeled Biotinylated)	Human	HEK293 Cells	Met1-Ile707	C-hFc	No	Yes	10204-H02H-B		E-Cadherin (Amine-Labeled Biotinylated)		C-hFc	Human		E-Cadherin	https://www.sinobiological.com/search?keywords=10204-H02H-B
40373-V49H-B	EBV Glycoprotein gp350 (Biotinylated, HPLC-verified)	"EBV
B95-8"	HEK293 Cells	Met1-Pro490	C-His-AVI	No	Yes	40373-V49H-B		EBV Glycoprotein gp350 (Biotinylated, HPLC-verified)		C-His-AVI	"EBV
B95-8"		EBV Glycoprotein gp350	https://www.sinobiological.com/search?keywords=40373-V49H-B
10001-H27H-B	EGFR (Biotinylated, HPLC-verified)	Human	HEK293 Cells	Met1-Ser645	C-AVI & His	Binding activity	Yes	10001-H27H-B		EGFR (Biotinylated, HPLC-verified)		C-AVI & His	Human		EGFR	https://www.sinobiological.com/search?keywords=10001-H27H-B
14321-H07E-B	ENSA (Amine-Labeled Biotinylated)	Human	E. coli	Met1-Glu121	N-His	No	Yes	14321-H07E-B		ENSA (Amine-Labeled Biotinylated)		N-His	Human		ENSA	https://www.sinobiological.com/search?keywords=14321-H07E-B
13320-H02H-B	EPCR (Biotinylated, HPLC-verified)	Human	HEK293 Cells	Met1-Thr209	C-hFc	No	Yes	13320-H02H-B		EPCR (Biotinylated, HPLC-verified)		C-hFc	Human		EPCR	https://www.sinobiological.com/search?keywords=13320-H02H-B
40442-V49H2-B	Ebola virus Glycoprotein (Avi-tag Biotinylated)	"EBOV
subtype Zaire, strain H.sapiens-wt/GIN/2014/Kissidougou-C15"	HEK293 Cells	Met1-Gln650	C-His-AVI	No	Yes	40442-V49H2-B		Ebola virus Glycoprotein (Avi-tag Biotinylated)		C-His-AVI	"EBOV
subtype Zaire, strain H.sapiens-wt/GIN/2014/Kissidougou-C15"		Ebola virus Glycoprotein	https://www.sinobiological.com/search?keywords=40442-V49H2-B
40444-V44E1-B	Ebola virus Nucleoprotein (Avi-tag Biotinylated, HPLC-verified)	"EBOV
Subtype Sudan, strain Gulu"	E. coli	Gly630-Asp738	N-AVI-His	No	Yes	40444-V44E1-B		Ebola virus Nucleoprotein (Avi-tag Biotinylated, HPLC-verified)		N-AVI-His	"EBOV
Subtype Sudan, strain Gulu"		Ebola virus Nucleoprotein	https://www.sinobiological.com/search?keywords=40444-V44E1-B
40454-V44E-B	Ebola virus VP24 (Avi-tag Biotinylated, HPLC-verified)	"EBOV
subtype Zaire, strain H.sapiens-wt/GIN/2014/Kissidougou-C15"	E. coli	Met1-Gly233	N-AVI-His	No	Yes	40454-V44E-B		Ebola virus VP24 (Avi-tag Biotinylated, HPLC-verified)		N-AVI-His	"EBOV
subtype Zaire, strain H.sapiens-wt/GIN/2014/Kissidougou-C15"		Ebola virus VP24	https://www.sinobiological.com/search?keywords=40454-V44E-B
40447-V44E-B	Ebola virus VP40 (Avi-tag Biotinylated)	"EBOV
Subtype Sudan, strain Gulu"	E. coli	Met1-Lys326	N-AVI-His	No	Yes	40447-V44E-B		Ebola virus VP40 (Avi-tag Biotinylated)		N-AVI-His	"EBOV
Subtype Sudan, strain Gulu"		Ebola virus VP40	https://www.sinobiological.com/search?keywords=40447-V44E-B
41052-V49B-B	Envelope Protein (Avi-tag Biotinylated)	"YFV
strain 17D vaccine"	Baculovirus-Insect Cells	Ala286-Ser680	C-His-AVI	No	Yes	41052-V49B-B		Envelope Protein (Avi-tag Biotinylated)		C-His-AVI	"YFV
strain 17D vaccine"		Envelope Protein	https://www.sinobiological.com/search?keywords=41052-V49B-B
10694-H41H-B	EpCAM/TROP1 (Biotinylated)	Human	HEK293 Cells	Met1-Lys265	C-hFc & AVI	Binding activity	Yes	10694-H41H-B		EpCAM/TROP1 (Biotinylated)		C-hFc & AVI	Human		EpCAM/TROP1	https://www.sinobiological.com/search?keywords=10694-H41H-B
13926-H27H-B	EphA2 (Biotinylated, HPLC-verified)	Human	HEK293 Cells	Met1-Asn534	C-AVI & His	Binding activity	Yes	13926-H27H-B		EphA2 (Biotinylated, HPLC-verified)		C-AVI & His	Human		EphA2	https://www.sinobiological.com/search?keywords=13926-H27H-B
10235-H08H-B	EphB4 (Amine-Labeled Biotinylated)	Human	HEK293 Cells	Met1-Ala539	C-His	No	Yes	10235-H08H-B		EphB4 (Amine-Labeled Biotinylated)		C-His	Human		EphB4	https://www.sinobiological.com/search?keywords=10235-H08H-B
10192-H02H-B	Ephrin A5 (Biotinylated)	Human	HEK293 Cells	Met1-Asn203	C-hFc	No	Yes	10192-H02H-B		Ephrin A5 (Biotinylated)		C-hFc	Human		Ephrin A5	https://www.sinobiological.com/search?keywords=10192-H02H-B
10882-H02H-B	Ephrin-A1 (Biotinylated)	Human	HEK293 Cells	Met1-Ser182	C-hFc	Binding activity	Yes	10882-H02H-B		Ephrin-A1 (Biotinylated)		C-hFc	Human		Ephrin-A1	https://www.sinobiological.com/search?keywords=10882-H02H-B
10707-H08H-B	Erythropoietin R/EPOR (Amine-Labeled Biotinylated)	Human	HEK293 Cells	Ala25-Pro250	C-His	No	Yes	10707-H08H-B		Erythropoietin R/EPOR (Amine-Labeled Biotinylated)		C-His	Human		Erythropoietin R/EPOR	https://www.sinobiological.com/search?keywords=10707-H08H-B
10464-H07H-B	FAP (Amine-Labeled Biotinylated)	Human	HEK293 Cells	Leu26-Asp760	N-His	No	Yes	10464-H07H-B		FAP (Amine-Labeled Biotinylated)		N-His	Human		FAP	https://www.sinobiological.com/search?keywords=10464-H07H-B
CT071-H27H-B	FCGRT & B2M Heterodimer (Biotinylated, HPLC-verified)	Human	HEK293 Cells	Met1-Ser297 & Met1-Met119	C-AVI & His	Binding activity	Yes	CT071-H27H-B		FCGRT & B2M Heterodimer (Biotinylated, HPLC-verified)		C-AVI & His	Human		FCGRT & B2M Heterodimer	https://www.sinobiological.com/search?keywords=CT071-H27H-B
10616-H02H-B	FGFR1 (Biotinylated)	Human	HEK293 Cells	Met1-Glu285	C-hFc	No	Yes	10616-H02H-B		FGFR1 (Biotinylated)		C-hFc	Human		FGFR1	https://www.sinobiological.com/search?keywords=10616-H02H-B
16485-H49H-B	FGFR2 (alpha(IIIb),Biotinylated, HPLC-verified)	Human	HEK293 Cells	Met1-Glu378	C-His-AVI	Binding activity	Yes	16485-H49H-B		FGFR2 (alpha(IIIb),Biotinylated, HPLC-verified)		C-His-AVI	Human		FGFR2	https://www.sinobiological.com/search?keywords=16485-H49H-B
10538-H08H-B	FGFR4 (Amine-Labeled Biotinylated)	Human	HEK293 Cells	Met1-Asp369	C-His	No	Yes	10538-H08H-B		FGFR4 (Amine-Labeled Biotinylated)		C-His	Human		FGFR4	https://www.sinobiological.com/search?keywords=10538-H08H-B
10445-H41H-B	FLT3 (Biotinylated, HPLC-verified)	Human	HEK293 Cells	Asn27-Ser543	C-hFc & AVI	No	Yes	10445-H41H-B		FLT3 (Biotinylated, HPLC-verified)		C-hFc & AVI	Human		FLT3	https://www.sinobiological.com/search?keywords=10445-H41H-B
11241-H41H-B	FOLR1 (Biotinylated, HPLC-verified)	Human	HEK293 Cells	Met1-Met233	C-hFc & AVI	Binding activity	Yes	11241-H41H-B		FOLR1 (Biotinylated, HPLC-verified)		C-hFc & AVI	Human		FOLR1	https://www.sinobiological.com/search?keywords=11241-H41H-B
10936-H44E-B	GDF-15 (Avi-tag Biotinylated)	Human	E. coli	Ala197-Ile308	N-AVI-His	Binding activity	Yes	10936-H44E-B		GDF-15 (Avi-tag Biotinylated)		N-AVI-His	Human		GDF-15	https://www.sinobiological.com/search?keywords=10936-H44E-B
27245-H49H-B	GFRAL (Biotinylated, HPLC-verified)	Human	HEK293 Cells	Ser19-Glu351	C-His-AVI	Binding activity	Yes	27245-H49H-B		GFRAL (Biotinylated, HPLC-verified)		C-His-AVI	Human		GFRAL	https://www.sinobiological.com/search?keywords=27245-H49H-B
18774-H49H-B	GIPR (Biotinylated, HPLC-verified)	Human	HEK293 Cells	Gly26-Gln138	C-His-AVI	Binding activity	Yes	18774-H49H-B		GIPR (Biotinylated, HPLC-verified)		C-His-AVI	Human		GIPR	https://www.sinobiological.com/search?keywords=18774-H49H-B
13643-H49H-B	GITR/TNFRSF18/AITR (Biotinylated)	Human	HEK293 Cells	Met1-Glu161	C-His-AVI	Binding activity	Yes	13643-H49H-B		GITR/TNFRSF18/AITR (Biotinylated)		C-His-AVI	Human		GITR/TNFRSF18/AITR	https://www.sinobiological.com/search?keywords=13643-H49H-B
13944-H49H-B	GLP1R (Biotinylated, HPLC-verified)	Human	HEK293 Cells	Met1-Glu139	C-His-AVI	Binding activity	Yes	13944-H49H-B		GLP1R (Biotinylated, HPLC-verified)		C-His-AVI	Human		GLP1R	https://www.sinobiological.com/search?keywords=13944-H49H-B
10015-HNAH-B	GM-CSF/CSF2 (Amine-Labeled Biotinylated)	Human	HEK293 Cells	Met1-Glu144	No tag	Bioactivity	Yes	10015-HNAH-B		GM-CSF/CSF2 (Amine-Labeled Biotinylated)		No tag	Human		GM-CSF/CSF2	https://www.sinobiological.com/search?keywords=10015-HNAH-B
11875-H49H-B	GPC2/Glypican 2 (Avi-tag Biotinylated)	Human	HEK293 Cells	Ser24-Ser553	C-His-AVI	Binding activity	Yes	11875-H49H-B		GPC2/Glypican 2 (Avi-tag Biotinylated)		C-His-AVI	Human		GPC2/Glypican 2	https://www.sinobiological.com/search?keywords=11875-H49H-B
24447-HNAH-B	GPRC5D (Biotinylated, VLP)	Human	HEK293 Cells	Met1-Val345	No tag	Binding activity	Yes	24447-HNAH-B		GPRC5D (Biotinylated, VLP)		No tag	Human		GPRC5D	https://www.sinobiological.com/search?keywords=24447-HNAH-B
10576-H49H-B	Glypican 1/GPC1 (Avi-tag Biotinylated, HPLC-verified)	Human	HEK293 Cells	Asp24-Thr529	C-His-AVI	Binding activity	Yes	10576-H49H-B		Glypican 1/GPC1 (Avi-tag Biotinylated, HPLC-verified)		C-His-AVI	Human		Glypican 1/GPC1	https://www.sinobiological.com/search?keywords=10576-H49H-B
10088-H08H-B	Glypican 3/GPC3 (Amine-Labeled Biotinylated)	Human	HEK293 Cells	Met1-His559	C-His	Binding activity	Yes	10088-H08H-B		Glypican 3/GPC3 (Amine-Labeled Biotinylated)		C-His	Human		Glypican 3/GPC3	https://www.sinobiological.com/search?keywords=10088-H08H-B
10079-H49B-B	Glypican 5/GPC5 (Avi-tag Biotinylated, HPLC-verified)	Human	Baculovirus-Insect Cells	Met1-Thr554		Binding activity	Yes	10079-H49B-B		Glypican 5/GPC5 (Avi-tag Biotinylated, HPLC-verified)			Human		Glypican 5/GPC5	https://www.sinobiological.com/search?keywords=10079-H49B-B
10102-H49H-B	Glypican 6/GPC6 (Avi-tag Biotinylated, HPLC-verified)	Human	HEK293 Cells	Met1-Ser529	C-His-AVI	No	Yes	10102-H49H-B		Glypican 6/GPC6 (Avi-tag Biotinylated, HPLC-verified)		C-His-AVI	Human		Glypican 6/GPC6	https://www.sinobiological.com/search?keywords=10102-H49H-B
16122-HNCE-B	Growth Hormone (Biotinylated, HPLC-verified)	Human	E. coli	Phe27-Phe217	No tag	Bioactivity	Yes	16122-HNCE-B		Growth Hormone (Biotinylated, HPLC-verified)		No tag	Human		Growth Hormone	https://www.sinobiological.com/search?keywords=16122-HNCE-B
91038-C49H-B	H Cadherin (Avi-tag Biotinylated)	Cynomolgus	HEK293 Cells	Met1-Gly693	C-His-AVI	No	Yes	91038-C49H-B		H Cadherin (Avi-tag Biotinylated)		C-His-AVI	Cynomolgus		H Cadherin	https://www.sinobiological.com/search?keywords=91038-C49H-B
41040-V49H-B	H3L Protein (Avi-tag Biotinylated, HPLC-verified)	"MPXV
Clade Ib"	HEK293 Cells	Met1-Pro278	C-His-AVI	No	Yes	41040-V49H-B		H3L Protein (Avi-tag Biotinylated, HPLC-verified)		C-His-AVI	"MPXV
Clade Ib"		H3L Protein	https://www.sinobiological.com/search?keywords=41040-V49H-B
10324-H49H-B	HAI-2/SPINT2 (Avi-tag Biotinylated, HPLC-verified)	Human	HEK293 Cells	Met1-Lys197	C-His-AVI	No	Yes	10324-H49H-B		HAI-2/SPINT2 (Avi-tag Biotinylated, HPLC-verified)		C-His-AVI	Human		HAI-2/SPINT2	https://www.sinobiological.com/search?keywords=10324-H49H-B
40573-V49E-B	HBV Capsid Protein (Avi-tag Biotinylated)	"HBV
ayw/France/Tiollais/1979"	E. coli	Met1-Val149	C-His-AVI	No	Yes	40573-V49E-B		HBV Capsid Protein (Avi-tag Biotinylated)		C-His-AVI	"HBV
ayw/France/Tiollais/1979"		HBV Capsid Protein	https://www.sinobiological.com/search?keywords=40573-V49E-B
10201-H02H-B	HER3/ERBB3 (Amine-Labeled Biotinylated)	Human	HEK293 Cells	Met1-Thr643	C-hFc	Binding activity	Yes	10201-H02H-B		HER3/ERBB3 (Amine-Labeled Biotinylated)		C-hFc	Human		HER3/ERBB3	https://www.sinobiological.com/search?keywords=10201-H02H-B
40405-V49H-B	HIV gp120 (Biotinylated)	"HIV
group M, subtype B, Isolate MN"	HEK293 Cells	Thr30-Arg513	C-His-AVI	No	Yes	40405-V49H-B		HIV gp120 (Biotinylated)		C-His-AVI	"HIV
group M, subtype B, Isolate MN"		HIV gp120	https://www.sinobiological.com/search?keywords=40405-V49H-B
10326-H49B-B	HMGB1 (Biotinylated)	Human	Baculovirus-Insect Cells	Met1-Glu215	C-His-AVI	No	Yes	10326-H49B-B		HMGB1 (Biotinylated)		C-His-AVI	Human		HMGB1	https://www.sinobiological.com/search?keywords=10326-H49B-B
40993-V49H1-B	HMPV Fusion (preF trimer,Avi-tag Biotinylated, MALS-verified)	"HMPV
CAN97-83"	HEK293 Cells		C-His-AVI	Binding activity	Yes	40993-V49H1-B		HMPV Fusion (preF trimer,Avi-tag Biotinylated, MALS-verified)		C-His-AVI	"HMPV
CAN97-83"		HMPV Fusion	https://www.sinobiological.com/search?keywords=40993-V49H1-B
R105-310HB	HRAS (Active, Biotinylated)	Human	E. coli	2-186	N-AVI-His	Biochemical assay	No	R105-310HB		HRAS (Active, Biotinylated)		N-AVI-His	Human		HRAS	https://www.sinobiological.com/search?keywords=R105-310HB
10334-H41H-B	HVEM (Biotinylated, HPLC-verified)	Human	HEK293 Cells	Met1-Val202	C-hFc & AVI	Binding activity	Yes	10334-H41H-B		HVEM (Biotinylated, HPLC-verified)		C-hFc & AVI	Human		HVEM	https://www.sinobiological.com/search?keywords=10334-H41H-B
11055-V08B-B	Hemagglutinin/HA (Amine-Labeled Biotinylated)	"H1N1
A/California/04/2009"	Baculovirus-Insect Cells	Met1-Gln529	C-His	No	Yes	11055-V08B-B		Hemagglutinin/HA (Amine-Labeled Biotinylated)		C-His	"H1N1
A/California/04/2009"		Hemagglutinin/HA	https://www.sinobiological.com/search?keywords=11055-V08B-B
10004-H27H-B	Her2/ERBB2 (Biotinylated, HPLC-verified)	Human	HEK293 Cells	Met1-Thr652	C-AVI & His	Binding activity	Yes	10004-H27H-B		Her2/ERBB2 (Biotinylated, HPLC-verified)		C-AVI & His	Human		Her2/ERBB2	https://www.sinobiological.com/search?keywords=10004-H27H-B
10346-H49H-B	ICAM-1/CD54 (Biotinylated, HPLC-verified)	Human	HEK293 Cells	Met1-Glu480	C-His-AVI	No	Yes	10346-H49H-B		ICAM-1/CD54 (Biotinylated, HPLC-verified)		C-His-AVI	Human		ICAM-1/CD54	https://www.sinobiological.com/search?keywords=10346-H49H-B
50466-M41H-B	ICOS (Biotinylated)	Mouse	HEK293 Cells	Met1-Leu142	C-hFc & AVI	Binding activity	Yes	50466-M41H-B		ICOS (Biotinylated)		C-hFc & AVI	Mouse		ICOS	https://www.sinobiological.com/search?keywords=50466-M41H-B
13032-H41H-B	IGF-II (Avi-tag Biotinylated, HPLC-verified)	Human	HEK293 Cells	Ala25-Glu91	C-hFc & AVI	Binding activity	Yes	13032-H41H-B		IGF-II (Avi-tag Biotinylated, HPLC-verified)		C-hFc & AVI	Human		IGF-II	https://www.sinobiological.com/search?keywords=13032-H41H-B
10598-H80H-B	IGF1 (Avi-tag Biotinylated, HPLC-verified)	Human	HEK293 Cells	Gly49-Ala118	N-Avi-Fc	Binding activity	Yes	10598-H80H-B		IGF1 (Avi-tag Biotinylated, HPLC-verified)		N-Avi-Fc	Human		IGF1	https://www.sinobiological.com/search?keywords=10598-H80H-B
10164-H49H1-B	IGF1R (Biotinylated, HPLC-verified)	Human	HEK293 Cells	Met1-Asn932	C-His-AVI	Binding activity	Yes	10164-H49H1-B		IGF1R (Biotinylated, HPLC-verified)		C-His-AVI	Human		IGF1R	https://www.sinobiological.com/search?keywords=10164-H49H1-B
13100-H41H-B	IGFBP7 (Biotinylated, HPLC-verified)	Human	HEK293 Cells	Met 1-Leu282	C-hFc & AVI	Binding activity	Yes	13100-H41H-B		IGFBP7 (Biotinylated, HPLC-verified)		C-hFc & AVI	Human		IGFBP7	https://www.sinobiological.com/search?keywords=13100-H41H-B
91050-C49H-B	IL-1 beta (Avi-tag Biotinylated)	Cynomolgus	HEK293 Cells	Ala117-Ser268	C-His-AVI	Binding activity	Yes	91050-C49H-B		IL-1 beta (Avi-tag Biotinylated)		C-His-AVI	Cynomolgus		IL-1 beta	https://www.sinobiological.com/search?keywords=91050-C49H-B
CT011-H08H-B	IL-12 (Amine-Labeled Biotinylated)	Human	HEK293 Cells	Met1-Ser219 & Met1-Ser328	C-His	Binding activity	Yes	CT011-H08H-B		IL-12 (Amine-Labeled Biotinylated)		C-His	Human		IL-12	https://www.sinobiological.com/search?keywords=CT011-H08H-B
10369-H49H-B	IL-13 (Avi-tag Biotinylated, HPLC-verified)	Human	HEK293 Cells	Met1-Asn132	C-His-AVI	Binding activity	Yes	10369-H49H-B		IL-13 (Avi-tag Biotinylated, HPLC-verified)		C-His-AVI	Human		IL-13	https://www.sinobiological.com/search?keywords=10369-H49H-B
10943-H49H-B	IL-13 R alpha 1/IL13RA1 (Biotinylated, HPLC-verified)	Human	HEK293 Cells	Met1-Thr343	C-His-AVI	Binding activity	Yes	10943-H49H-B		IL-13 R alpha 1/IL13RA1 (Biotinylated, HPLC-verified)		C-His-AVI	Human		IL-13 R alpha 1/IL13RA1	https://www.sinobiological.com/search?keywords=10943-H49H-B
10350-H08H-B	IL-13 R alpha 2/IL13RA2 (Amine-Labeled Biotinylated)	Human	HEK293 Cells	Met1-Leu342	C-His	Binding activity	Yes	10350-H08H-B		IL-13 R alpha 2/IL13RA2 (Amine-Labeled Biotinylated)		C-His	Human		IL-13 R alpha 2/IL13RA2	https://www.sinobiological.com/search?keywords=10350-H08H-B
29736-H41H-B	IL-15 R alpha/IL15RA (Biotinylated, HPLC-verified)	Human	HEK293 Cells	Met1-Thr205	C-hFc & AVI	Binding activity	Yes	29736-H41H-B		IL-15 R alpha/IL15RA (Biotinylated, HPLC-verified)		C-hFc & AVI	Human		IL-15 R alpha/IL15RA	https://www.sinobiological.com/search?keywords=29736-H41H-B
12047-HNAE-B	IL-17A (Amine-Labeled Biotinylated)	Human	E. coli	Ile20-Ala155	No tag	Binding activity	Yes	12047-HNAE-B		IL-17A (Amine-Labeled Biotinylated)		No tag	Human		IL-17A	https://www.sinobiological.com/search?keywords=12047-HNAE-B
11855-H07H-B	IL-17F (Amine-Labeled Biotinylated)	Human	HEK293 Cells	Arg31-Gln163	N-His	No	Yes	11855-H07H-B		IL-17F (Amine-Labeled Biotinylated)		N-His	Human		IL-17F	https://www.sinobiological.com/search?keywords=11855-H07H-B
10895-H49H-B	IL-17RA (Biotinylated)	Human	HEK293 Cells	Met1-Trp320	C-His-AVI	Binding activity	Yes	10895-H49H-B		IL-17RA (Biotinylated)		C-His-AVI	Human		IL-17RA	https://www.sinobiological.com/search?keywords=10895-H49H-B
10176-H41H-B	IL-18R beta / IL-18RAP (Biotinylated, HPLC-verified)	Human	HEK293 Cells	Met1-Gly357	C-hFc & AVI	Binding activity	Yes	10176-H41H-B		IL-18R beta / IL-18RAP (Biotinylated, HPLC-verified)		C-hFc & AVI	Human		IL-18R beta / IL-18RAP	https://www.sinobiological.com/search?keywords=10176-H41H-B
11102-H08H-B	IL-18Rα (Amine-Labeled Biotinylated, HPLC-verified)	Human	HEK293 Cells	Met1-Arg329	C-His	Binding activity	Yes	11102-H08H-B		IL-18Rα (Amine-Labeled Biotinylated, HPLC-verified)		C-His	Human		IL-18Rα	https://www.sinobiological.com/search?keywords=11102-H08H-B
13060-HNAE-B	IL-20 (Biotinylated)	Human	E. coli	Leu25-Glu176	No tag	No	Yes	13060-HNAE-B		IL-20 (Biotinylated)		No tag	Human		IL-20	https://www.sinobiological.com/search?keywords=13060-HNAE-B
11483-H49H-B	IL-21 Receptor/IL-21R (Biotinylated, HPLC-verified)	Human	HEK293 Cells	Met1-Pro236	C-His-AVI	Binding activity	Yes	11483-H49H-B		IL-21 Receptor/IL-21R (Biotinylated, HPLC-verified)		C-His-AVI	Human		IL-21 Receptor/IL-21R	https://www.sinobiological.com/search?keywords=11483-H49H-B
CT048-H08H-B	IL-23 (Amine-Labeled Biotinylated)	Human	HEK293 Cells	Met1-Ser328 & Arg20-Pro189	C-His	Binding activity	Yes	CT048-H08H-B		IL-23 (Amine-Labeled Biotinylated)		C-His	Human		IL-23	https://www.sinobiological.com/search?keywords=CT048-H08H-B
13840-H41H-B	IL-23 Receptor (Avi-tag Biotinylated, HPLC-verified)	Human	HEK293 Cells	Met1-Asp353	C-hFc & AVI	Binding activity	Yes	13840-H41H-B		IL-23 Receptor (Avi-tag Biotinylated, HPLC-verified)		C-hFc & AVI	Human		IL-23 Receptor	https://www.sinobiological.com/search?keywords=13840-H41H-B
10696-H27H-B	IL-2R beta/CD122 (Biotinylated, HPLC-verified)	Human	HEK293 Cells	Met1-Asp239	C-AVI & His	Binding activity	Yes	10696-H27H-B		IL-2R beta/CD122 (Biotinylated, HPLC-verified)		C-AVI & His	Human		IL-2R beta/CD122	https://www.sinobiological.com/search?keywords=10696-H27H-B
10555-H49H-B	IL-2R gamma/CD132 (Biotinylated)	Human	HEK293 Cells	Met1-Ala262	C-His-AVI	No	Yes	10555-H49H-B		IL-2R gamma/CD132 (Biotinylated)		C-His-AVI	Human		IL-2R gamma/CD132	https://www.sinobiological.com/search?keywords=10555-H49H-B
CT108-H2549H1-B	IL-2Rβ & IL-2Rγ Heterodimer (Avi-tag Biotinylated, HPLC-verified)	Human	HEK293 Cells	Ala27-Asp239 & Leu23-Asn254		Binding activity	Yes	CT108-H2549H1-B		IL-2Rβ & IL-2Rγ Heterodimer (Avi-tag Biotinylated, HPLC-verified)			Human		IL-2Rβ & IL-2Rγ Heterodimer	https://www.sinobiological.com/search?keywords=CT108-H2549H1-B
15878-H49H-B	IL-31RA (Avi-tag Biotinylated, HPLC-verified)	Human	HEK293 Cells	Met1-Thr516	C-His-AVI	Binding activity	Yes	15878-H49H-B		IL-31RA (Avi-tag Biotinylated, HPLC-verified)		C-His-AVI	Human		IL-31RA	https://www.sinobiological.com/search?keywords=15878-H49H-B
10518-H41H-B	IL-3R alpha/CD123 (Biotinylated, HPLC-verified)	Human	HEK293 cells	Met1-Arg305	C-hFc & AVI	Binding activity	Yes	10518-H41H-B		IL-3R alpha/CD123 (Biotinylated, HPLC-verified)		C-hFc & AVI	Human		IL-3R alpha/CD123	https://www.sinobiological.com/search?keywords=10518-H41H-B
11846-HNAE-B	IL-4 (Amine-Labeled Biotinylated)	Human	E. coli	His25-Ser153	No tag	Binding activity	Yes	11846-HNAE-B		IL-4 (Amine-Labeled Biotinylated)		No tag	Human		IL-4	https://www.sinobiological.com/search?keywords=11846-HNAE-B
10402-H08H-B	IL-4R (Amine-Labeled Biotinylated)	Human	HEK293 Cells	Met1-His232	C-His	Binding activity	Yes	10402-H08H-B		IL-4R (Amine-Labeled Biotinylated)		C-His	Human		IL-4R	https://www.sinobiological.com/search?keywords=10402-H08H-B
15673-H49H-B	IL-5 (Avi-tag Biotinylated, MALS-verified)	Human	HEK293 Cells	Ile20-Ser134	C-His-AVI	Binding activity	Yes	15673-H49H-B		IL-5 (Avi-tag Biotinylated, MALS-verified)		C-His-AVI	Human		IL-5	https://www.sinobiological.com/search?keywords=15673-H49H-B
10395-HNAH-B	IL-6 (Biotinylated)	Human	HEK293 Cells	Met1-Met212	No tag	Binding activity	Yes	10395-HNAH-B		IL-6 (Biotinylated)		No tag	Human		IL-6	https://www.sinobiological.com/search?keywords=10395-HNAH-B
10398-H35H-B	IL-6R (Biotinylated, HPLC-verified)	Human	HEK293 Cells	Met1-Pro356	C-AVI-Fc	Binding activity	Yes	10398-H35H-B		IL-6R (Biotinylated, HPLC-verified)		C-AVI-Fc	Human		IL-6R	https://www.sinobiological.com/search?keywords=10398-H35H-B
10975-H49H-B	IL-7R alpha/CD127 (Biotinylated, HPLC-verified)	Human	HEK293 Cells	Met1-Gly236	C-His-AVI	No	Yes	10975-H49H-B		IL-7R alpha/CD127 (Biotinylated, HPLC-verified)		C-His-AVI	Human		IL-7R alpha/CD127	https://www.sinobiological.com/search?keywords=10975-H49H-B
CT141-H8156H-B	IL17A & IL17F Heterodimer (Biotinylated, HPLC-verified)	Human	HEK293 Cells	Gly24-Ala155 & Arg31-Gln163	N-Strep II & N-His-AVI	Binding activity	Yes	CT141-H8156H-B		IL17A & IL17F Heterodimer (Biotinylated, HPLC-verified)		N-Strep II & N-His-AVI	Human		IL17A & IL17F Heterodimer	https://www.sinobiological.com/search?keywords=CT141-H8156H-B
10126-H02H-B	IL1R1 (Biotinylated, HPLC-verified)	Human	HEK293 Cells	Met1-Thr332	C-hFc	No	Yes	10126-H02H-B		IL1R1 (Biotinylated, HPLC-verified)		C-hFc	Human		IL1R1	https://www.sinobiological.com/search?keywords=10126-H02H-B
10121-H27H-B	IL1RAP/IL-1RAcP (Biotinylated, HPLC-verified)	Human	HEK293 Cells	Met1-Glu359	C-AVI & His	No	Yes	10121-H27H-B		IL1RAP/IL-1RAcP (Biotinylated, HPLC-verified)		C-AVI & His	Human		IL1RAP/IL-1RAcP	https://www.sinobiological.com/search?keywords=10121-H27H-B
16059-H27H-B	ILT11/LILRA5/LIR-9 (Biotinylated)	Human	HEK293 Cells	Met1-Arg268	C-AVI & His	No	Yes	16059-H27H-B		ILT11/LILRA5/LIR-9 (Biotinylated)		C-AVI & His	Human		ILT11/LILRA5/LIR-9	https://www.sinobiological.com/search?keywords=16059-H27H-B
16014-H49H-B	ILT2/LILRB1 (Biotinylated, HPLC-verified)	Human	HEK293 Cells	Met1-His458	C-His-AVI	Binding activity	Yes	16014-H49H-B		ILT2/LILRB1 (Biotinylated, HPLC-verified)		C-His-AVI	Human		ILT2/LILRB1	https://www.sinobiological.com/search?keywords=16014-H49H-B
16742-H49H-B	ILT3/LILRB4 (Biotinylated, HPLC-verified)	Human	HEK293 Cells	Met1-Glu259	C-His-AVI	No	Yes	16742-H49H-B		ILT3/LILRB4 (Biotinylated, HPLC-verified)		C-His-AVI	Human		ILT3/LILRB4	https://www.sinobiological.com/search?keywords=16742-H49H-B
14132-H49H-B	ILT4/LILRB2 (Biotinylated, HPLC-verified)	Human	HEK293 Cells	Met1-Val461	C-His-AVI	No	Yes	14132-H49H-B		ILT4/LILRB2 (Biotinylated, HPLC-verified)		C-His-AVI	Human		ILT4/LILRB2	https://www.sinobiological.com/search?keywords=14132-H49H-B
11978-H08H-B	ILT5/LILRB3 (HPLC-verified, Amine-Labeled Biotinylated)	Human	HEK293 Cells	Met1-Glu443	C-His	No	Yes	11978-H08H-B		ILT5/LILRB3 (HPLC-verified, Amine-Labeled Biotinylated)		C-His	Human		ILT5/LILRB3	https://www.sinobiological.com/search?keywords=11978-H08H-B
10702-HNAH-B	IgG1-Fc (103 Cys/Ser,Amine-Labeled Biotinylated, HPLC-verified)	Human	HEK293 Cells	Glu99-Lys330	No tag	No	Yes	10702-HNAH-B		IgG1-Fc (103 Cys/Ser,Amine-Labeled Biotinylated, HPLC-verified)		No tag	Human		IgG1-Fc	https://www.sinobiological.com/search?keywords=10702-HNAH-B
51094-MNAH-B	IgG2a (Amine-Labeled Biotinylated)	Mouse	HEK293 Cells	Glu98-Lys330	No tag	No	Yes	51094-MNAH-B		IgG2a (Amine-Labeled Biotinylated)		No tag	Mouse		IgG2a	https://www.sinobiological.com/search?keywords=51094-MNAH-B
11086-H49H-B	Insulin Receptor (isoform short,Biotinylated, HPLC-verified)	Human	HEK293 Cells	Met1-Lys944	C-His-AVI	Binding activity	Yes	11086-H49H-B		Insulin Receptor (isoform short,Biotinylated, HPLC-verified)		C-His-AVI	Human		Insulin Receptor	https://www.sinobiological.com/search?keywords=11086-H49H-B
CT069-H2508H-B	Integrin alpha 6 beta 4 (Biotinylated, HPLC-verified)	Human	HEK293 Cells	Met1-Ser1011 & Met1-Ser710	C-Flag & His	No	Yes	CT069-H2508H-B		Integrin alpha 6 beta 4 (Biotinylated, HPLC-verified)		C-Flag & His	Human		Integrin alpha 6 beta 4	https://www.sinobiological.com/search?keywords=CT069-H2508H-B
13833-H49H-B	Interferon alpha 2/IFNA2 (2B,Avi-tag Biotinylated, HPLC-verified)	Human	HEK293 Cells	Met1-Glu188	C-His-AVI	Binding activity	Yes	13833-H49H-B		Interferon alpha 2/IFNA2 (2B,Avi-tag Biotinylated, HPLC-verified)		C-His-AVI	Human		Interferon alpha 2/IFNA2	https://www.sinobiological.com/search?keywords=13833-H49H-B
13222-H49H-B	Interferon alpha/beta receptor 1 (Avi-tag Biotinylated, HPLC-verified)	Human	HEK293 Cells	Met1-Lys436	C-His-AVI	Binding activity	Yes	13222-H49H-B		Interferon alpha/beta receptor 1 (Avi-tag Biotinylated, HPLC-verified)		C-His-AVI	Human		Interferon alpha/beta receptor 1	https://www.sinobiological.com/search?keywords=13222-H49H-B
10359-H02H-B	Interferon alpha/beta receptor 2 (Biotinylated, HPLC-verified)	Human	HEK293 Cells	Met1-Lys243	C-hFc	No	Yes	10359-H02H-B		Interferon alpha/beta receptor 2 (Biotinylated, HPLC-verified)		C-hFc	Human		Interferon alpha/beta receptor 2	https://www.sinobiological.com/search?keywords=10359-H02H-B
10198-H49H-B	JAM-A/F11 Receptor (Avi-tag Biotinylated, HPLC-verified)	Human	HEK293 Cells	Met1-Ala242	C-His-AVI	No	Yes	10198-H49H-B		JAM-A/F11 Receptor (Avi-tag Biotinylated, HPLC-verified)		C-His-AVI	Human		JAM-A/F11 Receptor	https://www.sinobiological.com/search?keywords=10198-H49H-B
10795-H09B-B	JNK1 (Biotinylated)	Human	Baculovirus-Insect Cells	Met1-Arg427	N-GST	No	Yes	10795-H09B-B		JNK1 (Biotinylated)		N-GST	Human		JNK1	https://www.sinobiological.com/search?keywords=10795-H09B-B
13145-H49H-B	KIR2DL1 (Avi-tag Biotinylated, HPLC-verified)	Human	HEK293 Cells	Met1-His245	C-His-AVI	No	Yes	13145-H49H-B		KIR2DL1 (Avi-tag Biotinylated, HPLC-verified)		C-His-AVI	Human		KIR2DL1	https://www.sinobiological.com/search?keywords=13145-H49H-B
12259-H56E-B	KRAS (Biotinylated)	Human	E. coli	Thr2-Cys185（G12D）	N-His & AVI	Bioactivity	Yes	12259-H56E-B		KRAS (Biotinylated)		N-His & AVI	Human		KRAS	https://www.sinobiological.com/search?keywords=12259-H56E-B
10140-H49H-B	L1CAM (Biotinylated, HPLC-verified)	Human	HEK293 Cells	Met1-Glu1120	C-His-AVI	No	Yes	10140-H49H-B		L1CAM (Biotinylated, HPLC-verified)		C-His-AVI	Human		L1CAM	https://www.sinobiological.com/search?keywords=10140-H49H-B
40889-V44E-B	L1R Protein (Avi-tag Biotinylated)	"MPXV
West African strains"	E. coli	Met1-Lys152	N-AVI-His	No	Yes	40889-V44E-B		L1R Protein (Avi-tag Biotinylated)		N-AVI-His	"MPXV
West African strains"		L1R Protein	https://www.sinobiological.com/search?keywords=40889-V44E-B
16498-HNAH-B	LAG-3 (Amine-Labeled Biotinylated, HPLC-verified)	Human	HEK293 Cells	Met1-Arg440	No tag	Binding activity	Yes	16498-HNAH-B		LAG-3 (Amine-Labeled Biotinylated, HPLC-verified)		No tag	Human		LAG-3	https://www.sinobiological.com/search?keywords=16498-HNAH-B
13257-H27H-B	LAIR1 (Biotinylated)	Human	HEK293 Cells	Met1-Tyr165	C-AVI & His	No	Yes	13257-H27H-B		LAIR1 (Biotinylated)		C-AVI & His	Human		LAIR1	https://www.sinobiological.com/search?keywords=13257-H27H-B
10231-H08H-B	LDLR/LDL Receptor (Amine-Labeled Biotinylated)	Human	HEK293 Cells	Met1-Arg788	C-His	Binding activity	Yes	10231-H08H-B		LDLR/LDL Receptor (Amine-Labeled Biotinylated)		C-His	Human		LDLR/LDL Receptor	https://www.sinobiological.com/search?keywords=10231-H08H-B
91002-C49H-B	LIF (Biotinylated, HPLC-verified)	Cynomolgus,Rhesus	HEK293 Cells	Ser27-Phe206	C-His-AVI	Binding activity	Yes	91002-C49H-B		LIF (Biotinylated, HPLC-verified)		C-His-AVI	Cynomolgus,Rhesus		LIF	https://www.sinobiological.com/search?keywords=91002-C49H-B
10628-H08H-B	LIFR (Amine-Labeled Biotinylated)	Human	HEK293 Cells	Met1-Ser833	C-His	No	Yes	10628-H08H-B		LIFR (Amine-Labeled Biotinylated)		C-His	Human		LIFR	https://www.sinobiological.com/search?keywords=10628-H08H-B
10386-H42H-B	LIGHT/TNFSF14 (Biotinylated)	Human	HEK293 Cells	Asp74-Val240	N-AVI & hFc	Binding activity	Yes	10386-H42H-B		LIGHT/TNFSF14 (Biotinylated)		N-AVI & hFc	Human		LIGHT/TNFSF14	https://www.sinobiological.com/search?keywords=10386-H42H-B
13549-H08H-B	LILRA3 (Amine-Labeled Biotinylated)	Human	HEK293 Cells	Met1-Glu439	C-His	No	Yes	13549-H08H-B		LILRA3 (Amine-Labeled Biotinylated)		C-His	Human		LILRA3	https://www.sinobiological.com/search?keywords=13549-H08H-B
17221-H08H-B	LILRB5/CD85c/LIR-8 (Amine-Labeled Biotinylated)	Human	HEK293 Cells	Met1-Gly458	C-His	No	Yes	17221-H08H-B		LILRB5/CD85c/LIR-8 (Amine-Labeled Biotinylated)		C-His	Human		LILRB5/CD85c/LIR-8	https://www.sinobiological.com/search?keywords=17221-H08H-B
L15-30GB	LKB1/STK11 (Full-length,Biotinylated)	Human	Baculovirus-Insect Cells	1-439	N-AVI-GST	No	No	L15-30GB		LKB1/STK11 (Full-length,Biotinylated)		N-AVI-GST	Human		LKB1/STK11	https://www.sinobiological.com/search?keywords=L15-30GB
11968-H49H-B	LRP-6 (Biotinylated)	Human	HEK293 Cells	Met1-Pro630	C-His-AVI	Binding activity	Yes	11968-H49H-B		LRP-6 (Biotinylated)		C-His-AVI	Human		LRP-6	https://www.sinobiological.com/search?keywords=11968-H49H-B
15786-H49H-B	LRRC15 (Avi-tag Biotinylated, HPLC-verified)	Human	HEK293 Cells	Met1-Gly538	C-His-AVI	Binding activity	Yes	15786-H49H-B		LRRC15 (Avi-tag Biotinylated, HPLC-verified)		C-His-AVI	Human		LRRC15	https://www.sinobiological.com/search?keywords=15786-H49H-B
15508-H08H-B	LRRC32 (Amine-Labeled Biotinylated)	Human	HEK293 Cells	Met1-Asn627	C-His	No	Yes	15508-H08H-B		LRRC32 (Amine-Labeled Biotinylated)		C-His	Human		LRRC32	https://www.sinobiological.com/search?keywords=15508-H08H-B
91044-C49H-B	LYPD6B (Avi-tag Biotinylated, HPLC-verified)	Cynomolgus	HEK293 Cells	Met1-Ser150	C-His-AVI	No	Yes	91044-C49H-B		LYPD6B (Avi-tag Biotinylated, HPLC-verified)		C-His-AVI	Cynomolgus		LYPD6B	https://www.sinobiological.com/search?keywords=91044-C49H-B
10221-HNAE-B	Leptin (Biotinylated)	Human	E. coli	Val22-Cys167	No tag	Binding activity	Yes	10221-HNAE-B		Leptin (Biotinylated)		No tag	Human		Leptin	https://www.sinobiological.com/search?keywords=10221-HNAE-B
11792-HNAH-B	M-CSF/CSF1 (Amine-Labeled Biotinylated)	Human	HEK293 Cells	Met1-Asn190	No tag	Binding activity	Yes	11792-HNAH-B		M-CSF/CSF1 (Amine-Labeled Biotinylated)		No tag	Human		M-CSF/CSF1	https://www.sinobiological.com/search?keywords=11792-HNAH-B
50059-M08H-B	M-CSFR/CSF1R (Amine-Labeled Biotinylated)	Mouse	HEK293 Cells	Met1-Ser511	C-His	Binding activity	Yes	50059-M08H-B		M-CSFR/CSF1R (Amine-Labeled Biotinylated)		C-His	Mouse		M-CSFR/CSF1R	https://www.sinobiological.com/search?keywords=50059-M08H-B
50368-M08B-B	MCP-1/CCL2 (Amine-Labeled Biotinylated)	Mouse	Baculovirus-Insect cells	Met1-Asn148	C-His	No	Yes	50368-M08B-B		MCP-1/CCL2 (Amine-Labeled Biotinylated)		C-His	Mouse		MCP-1/CCL2	https://www.sinobiological.com/search?keywords=50368-M08B-B
30160-H49H-B	MDGA2 (Avi-tag Biotinylated, HPLC-verified)	Human	HEK293 Cells	Met1-Asp931	C-His-AVI	No	Yes	30160-H49H-B		MDGA2 (Avi-tag Biotinylated, HPLC-verified)		C-His-AVI	Human		MDGA2	https://www.sinobiological.com/search?keywords=30160-H49H-B
10853-H27B-B	MFGE8 (Biotinylated)	Human	Baculovirus-Insect Cells	Met1-Cys387	C-AVI & His	No	Yes	10853-H27B-B		MFGE8 (Biotinylated)		C-AVI & His	Human		MFGE8	https://www.sinobiological.com/search?keywords=10853-H27B-B
30117-H08H-B	MUC-1 (aa890-1158,Biotinylated)	Human	HEK293 Cells	Ser890-Gly1158	C-His	No	Yes	30117-H08H-B		MUC-1 (aa890-1158,Biotinylated)		C-His	Human		MUC-1	https://www.sinobiological.com/search?keywords=30117-H08H-B
5A0830-M49H-B	Mesothelin (Biotinylated, HPLC-verified)	Mouse	HEK293 Cells	Asp298-Ser600	C-His-AVI	Binding activity	Yes	5A0830-M49H-B		Mesothelin (Biotinylated, HPLC-verified)		C-His-AVI	Mouse		Mesothelin	https://www.sinobiological.com/search?keywords=5A0830-M49H-B
11917-H49H1-B	Myeloperoxidase/MPO (Avi-tag Biotinylated, HPLC-verified)	Human	HEK293 Cells	Ala49-Ser745	C-His-AVI	No	Yes	11917-H49H1-B		Myeloperoxidase/MPO (Avi-tag Biotinylated, HPLC-verified)		C-His-AVI	Human		Myeloperoxidase/MPO	https://www.sinobiological.com/search?keywords=11917-H49H1-B
10673-H27H-B	NCAM-1/CD56 (HPLC-verified, Biotinylated)	Human	HEK293 Cells	Met1-Pro603	C-AVI & His	No	Yes	10673-H27H-B		NCAM-1/CD56 (HPLC-verified, Biotinylated)		C-AVI & His	Human		NCAM-1/CD56	https://www.sinobiological.com/search?keywords=10673-H27H-B
13905-H07H1-B	NKG2A (Amine-Labeled Biotinylated)	Human	HEK293 Cells	Pro94-Leu233	N-His	No	Yes	13905-H07H1-B		NKG2A (Amine-Labeled Biotinylated)		N-His	Human		NKG2A	https://www.sinobiological.com/search?keywords=13905-H07H1-B
CT174-H49H-B	NKG2A & CD94 Heterodimer (Avi-tag Biotinylated, HPLC-verified)	Human	HEK293 Cells	Asp57-Ile179 & Ala113-Leu233	C-His-AVI	No	Yes	CT174-H49H-B		NKG2A & CD94 Heterodimer (Avi-tag Biotinylated, HPLC-verified)		C-His-AVI	Human		NKG2A & CD94 Heterodimer	https://www.sinobiological.com/search?keywords=CT174-H49H-B
11550-H08H-B	NKp44/NCR2 (Amine-Labeled Biotinylated)	Human	HEK293 Cells	Met1-Pro190	C-His	No	Yes	11550-H08H-B		NKp44/NCR2 (Amine-Labeled Biotinylated)		C-His	Human		NKp44/NCR2	https://www.sinobiological.com/search?keywords=11550-H08H-B
R07-32HB	NRAS (Q61K,Biotinylated)	Human	E. coli	1-186 (Q61K)	N-AVI-His	No	No	R07-32HB		NRAS (Q61K,Biotinylated)		N-AVI-His	Human		NRAS	https://www.sinobiological.com/search?keywords=R07-32HB
11611-H02H-B	Nectin-1/PVRL1 (Amine-Labeled Biotinylated)	Human	HEK293 Cells	Met 1-Thr 334	C-hFc	No	Yes	11611-H02H-B		Nectin-1/PVRL1 (Amine-Labeled Biotinylated)		C-hFc	Human		Nectin-1/PVRL1	https://www.sinobiological.com/search?keywords=11611-H02H-B
10005-H49H-B	Nectin-2 (Biotinylated)	Human	HEK293 Cells	Met1-Leu360	C-His-AVI	Binding activity	Yes	10005-H49H-B		Nectin-2 (Biotinylated)		C-His-AVI	Human		Nectin-2	https://www.sinobiological.com/search?keywords=10005-H49H-B
19771-H49H-B	Nectin-4 (Avi-tag Biotinylated, HPLC-verified)	Human	HEK293 Cells	Met1-Ser349	C-His-AVI	No	Yes	19771-H49H-B		Nectin-4 (Avi-tag Biotinylated, HPLC-verified)		C-His-AVI	Human		Nectin-4	https://www.sinobiological.com/search?keywords=19771-H49H-B
40108-V07H-B	Neuraminidase/NA (Amine-Labeled Biotinylated)	"H7N9
A/Anhui/1/2013"	HEK293 Cells	His36-Leu465	N-His	Bioactivity	Yes	40108-V07H-B		Neuraminidase/NA (Amine-Labeled Biotinylated)		N-His	"H7N9
A/Anhui/1/2013"		Neuraminidase/NA	https://www.sinobiological.com/search?keywords=40108-V07H-B
11609-HNCH-B	Neuregulin-1/NRG1 (Amine-Labeled Biotinylated)	Human	HEK293 Cells	Ser2-Lys246	No tag	No	Yes	11609-HNCH-B		Neuregulin-1/NRG1 (Amine-Labeled Biotinylated)		No tag	Human		Neuregulin-1/NRG1	https://www.sinobiological.com/search?keywords=11609-HNCH-B
15694-H02H-B	Neurofascin (Amine-Labeled Biotinylated)	Human	HEK293 Cells	Met1-Gln939	C-hFc	No	Yes	15694-H02H-B		Neurofascin (Amine-Labeled Biotinylated)		C-hFc	Human		Neurofascin	https://www.sinobiological.com/search?keywords=15694-H02H-B
10011-H27H-B	Neuropilin-1/NRP1 (Biotinylated, HPLC-verified)	Human	HEK293 Cells	Met1-Lys644	C-AVI & His	Binding activity	Yes	10011-H27H-B		Neuropilin-1/NRP1 (Biotinylated, HPLC-verified)		C-AVI & His	Human		Neuropilin-1/NRP1	https://www.sinobiological.com/search?keywords=10011-H27H-B
40861-V49B-B	Nucleoprotein/NP (Avi-tag Biotinylated)	"Influenza B
B/Austria/1359417/2021"	Baculovirus-Insect Cells	Met1-Tyr560	C-His-AVI	No	Yes	40861-V49B-B		Nucleoprotein/NP (Avi-tag Biotinylated)		C-His-AVI	"Influenza B
B/Austria/1359417/2021"		Nucleoprotein/NP	https://www.sinobiological.com/search?keywords=40861-V49B-B
40821-V49E-B	Nucleoprotein（RSV） (Avi-tag Biotinylated)	"RSV
strain A2, strain Long"	E. coli	Met1-Leu391	C-His-AVI	No	Yes	40821-V49E-B		Nucleoprotein（RSV） (Avi-tag Biotinylated)		C-His-AVI	"RSV
strain A2, strain Long"		Nucleoprotein（RSV）	https://www.sinobiological.com/search?keywords=40821-V49E-B
10481-H41H-B	OX40/TNFRSF4 (Biotinylated)	Human	HEK293 Cells	Met1-Ala216	C-hFc & AVI	Binding activity	Yes	10481-H41H-B		OX40/TNFRSF4 (Biotinylated)		C-hFc & AVI	Human		OX40/TNFRSF4	https://www.sinobiological.com/search?keywords=10481-H41H-B
10452-H49H-B	Oncostatin M/OSM (Biotinylated, HPLC-verified)	Human	HEK293 Cells	Met1-Arg221	C-His-AVI	No	Yes	10452-H49H-B		Oncostatin M/OSM (Biotinylated, HPLC-verified)		C-His-AVI	Human		Oncostatin M/OSM	https://www.sinobiological.com/search?keywords=10452-H49H-B
11040-H49B-B	PARP-1 (Biotinylated, HPLC-verified)	Human	Baculovirus-Insect Cells	Met1-Trp1014	C-His-AVI	No	Yes	11040-H49B-B		PARP-1 (Biotinylated, HPLC-verified)		C-His-AVI	Human		PARP-1	https://www.sinobiological.com/search?keywords=11040-H49B-B
21701-H56B-B	PCDH7 (Biotinylated)	Human	Baculovirus-Insect Cells	Ala29-Ser879	N-His & AVI	No	Yes	21701-H56B-B		PCDH7 (Biotinylated)		N-His & AVI	Human		PCDH7	https://www.sinobiological.com/search?keywords=21701-H56B-B
29698-H27H-B	PCSK9 (Biotinylated, HPLC-verified)	Human	HEK293 Cells	Met1-Gln692	C-AVI & His	Binding activity	Yes	29698-H27H-B		PCSK9 (Biotinylated, HPLC-verified)		C-AVI & His	Human		PCSK9	https://www.sinobiological.com/search?keywords=29698-H27H-B
10377-H41H-B	PD-1 (Biotinylated, HPLC-verified)	Human	HEK293 Cells	Met1-Gln167	C-hFc & AVI	Binding activity	Yes	10377-H41H-B		PD-1 (Biotinylated, HPLC-verified)		C-hFc & AVI	Human		PD-1	https://www.sinobiological.com/search?keywords=10377-H41H-B
10084-H08H-B	PD-L1/B7-H1 (Amine-Labeled Biotinylated)	Human	HEK293 Cells	Met1-Thr239	C-His	Binding activity	Yes	10084-H08H-B		PD-L1/B7-H1 (Amine-Labeled Biotinylated)		C-His	Human		PD-L1/B7-H1	https://www.sinobiological.com/search?keywords=10084-H08H-B
10292-H08H-B	PD-L2/B7-DC (Amine-Labeled Biotinylated)	Human	HEK293 Cells	Met1-Pro219	C-His	Binding activity	Yes	10292-H08H-B		PD-L2/B7-DC (Amine-Labeled Biotinylated)		C-His	Human		PD-L2/B7-DC	https://www.sinobiological.com/search?keywords=10292-H08H-B
10556-H27H-B	PDGF alpha receptor/PDGFRA (Biotinylated)	Human	HEK293 Cells	Met1-Glu524	C-AVI & His	Binding activity	Yes	10556-H27H-B		PDGF alpha receptor/PDGFRA (Biotinylated)		C-AVI & His	Human		PDGF alpha receptor/PDGFRA	https://www.sinobiological.com/search?keywords=10556-H27H-B
10514-H08H-B	PDGF beta receptor/PDGFRB (Amine-Labeled Biotinylated)	Human	HEK293 Cells	Met1-Lys531	C-His	Binding activity	Yes	10514-H08H-B		PDGF beta receptor/PDGFRB (Amine-Labeled Biotinylated)		C-His	Human		PDGF beta receptor/PDGFRB	https://www.sinobiological.com/search?keywords=10514-H08H-B
10403-H08H-B	PGRP-S/PGLYRP1 (Biotinylated)	Human	HEK293 Cells	Met1-Pro196	C-His	No	Yes	10403-H08H-B		PGRP-S/PGLYRP1 (Biotinylated)		C-His	Human		PGRP-S/PGLYRP1	https://www.sinobiological.com/search?keywords=10403-H08H-B
13791-H41H-B	PILR-alpha/FDF03 (Biotinylated, HPLC-verified)	Human	HEK293 Cells	Met1-Asp226	C-hFc & AVI	No	Yes	13791-H41H-B		PILR-alpha/FDF03 (Biotinylated, HPLC-verified)		C-hFc & AVI	Human		PILR-alpha/FDF03	https://www.sinobiological.com/search?keywords=13791-H41H-B
11171-H08H-B	PLTP (Amine-Labeled Biotinylated)	Human	HEK293 Cells	Met1-Val493	C-His	No	Yes	11171-H08H-B		PLTP (Amine-Labeled Biotinylated)		C-His	Human		PLTP	https://www.sinobiological.com/search?keywords=11171-H08H-B
5A1731-M49H-B	PSCA (Biotinylated, HPLC-verified)	Mouse	HEK293 Cells	Met1-Asn95	C-His-AVI	No	Yes	5A1731-M49H-B		PSCA (Biotinylated, HPLC-verified)		C-His-AVI	Mouse		PSCA	https://www.sinobiological.com/search?keywords=5A1731-M49H-B
15877-H56H-B	PSMA/FOLH1 (Biotinylated)	Human	HEK293 Cells	Lys44-Ala750	N-His & AVI	No	Yes	15877-H56H-B		PSMA/FOLH1 (Biotinylated)		N-His & AVI	Human		PSMA/FOLH1	https://www.sinobiological.com/search?keywords=15877-H56H-B
10304-H56E-B	PTP1B (Biotinylated, HPLC-verified)	Human	E. coli	Glu2-Asn321	N-His & AVI	No	Yes	10304-H56E-B		PTP1B (Biotinylated, HPLC-verified)		N-His & AVI	Human		PTP1B	https://www.sinobiological.com/search?keywords=10304-H56E-B
28312-H41H-B	PVRIG (Biotinylated, HPLC-verified)	Human	HEK293 Cells	Thr41-Leu172	C-hFc & AVI	Binding activity	Yes	28312-H41H-B		PVRIG (Biotinylated, HPLC-verified)		C-hFc & AVI	Human		PVRIG	https://www.sinobiological.com/search?keywords=28312-H41H-B
13919-H09E-B	Parvin alpha/PARVA (Biotinylated)	Human	E. coli	Met1-Glu372	N-GST	No	Yes	13919-H09E-B		Parvin alpha/PARVA (Biotinylated)		N-GST	Human		Parvin alpha/PARVA	https://www.sinobiological.com/search?keywords=13919-H09E-B
10282-HNCE-B	Pin1 (Biotinylated)	Human	E. coli	Met1-Glu163	No tag	No	Yes	10282-HNCE-B		Pin1 (Biotinylated)		No tag	Human		Pin1	https://www.sinobiological.com/search?keywords=10282-HNCE-B
11596-H08H-B	Placental Lactogen/CSH1 (Amine-Labeled Biotinylated)	Human	HEK293 Cells	Met1-Phe217	C-His	No	Yes	11596-H08H-B		Placental Lactogen/CSH1 (Amine-Labeled Biotinylated)		C-His	Human		Placental Lactogen/CSH1	https://www.sinobiological.com/search?keywords=11596-H08H-B
10275-HNAE-B	Prolactin (Biotinylated, HPLC-verified)	Human	E. coli	Leu29-Cys227	No tag	Bioactivity	Yes	10275-HNAE-B		Prolactin (Biotinylated, HPLC-verified)		No tag	Human		Prolactin	https://www.sinobiological.com/search?keywords=10275-HNAE-B
10959-H49H-B	Prostatic Acid Phosphatase/ACPP (Avi-tag Biotinylated, HPLC-verified)	Human	HEK293 Cells	Met1-Lys382	C-His-AVI	No	Yes	10959-H49H-B		Prostatic Acid Phosphatase/ACPP (Avi-tag Biotinylated, HPLC-verified)		C-His-AVI	Human		Prostatic Acid Phosphatase/ACPP	https://www.sinobiological.com/search?keywords=10959-H49H-B
40891-V49E-B	Protein A29 (Avi-tag Biotinylated)	"MPXV
West African strains"	E. coli	Ser21-Glu110	C-His-AVI	Binding activity	Yes	40891-V49E-B		Protein A29 (Avi-tag Biotinylated)		C-His-AVI	"MPXV
West African strains"		Protein A29	https://www.sinobiological.com/search?keywords=40891-V49E-B
40886-V49H-B	Protein A35 (Avi-tag Biotinylated, HPLC-verified)	"MPXV
West African strains"	HEK293 Cells	Arg58-Thr181	C-His-AVI	Binding activity	Yes	40886-V49H-B		Protein A35 (Avi-tag Biotinylated, HPLC-verified)		C-His-AVI	"MPXV
West African strains"		Protein A35	https://www.sinobiological.com/search?keywords=40886-V49H-B
40997-V49H-B	RABV Glycoprotein/G (Avi-tag Biotinylated, MALS-verified)	RABV	HEK293 Cells		C-His-AVI	Binding activity	Yes	40997-V49H-B		RABV Glycoprotein/G (Avi-tag Biotinylated, MALS-verified)		C-His-AVI	RABV		RABV Glycoprotein/G	https://www.sinobiological.com/search?keywords=40997-V49H-B
11629-H49H-B	RAGE (Biotinylated, HPLC-verified)	Human	HEK293 Cells	Met1-Ala344	C-His-AVI	No	Yes	11629-H49H-B		RAGE (Biotinylated, HPLC-verified)		C-His-AVI	Human		RAGE	https://www.sinobiological.com/search?keywords=11629-H49H-B
11234-H08H-B	REG1A (Amine-Labeled Biotinylated)	Human	HEK293 Cells	Met1-Asn166	C-His	No	Yes	11234-H08H-B		REG1A (Amine-Labeled Biotinylated)		C-His	Human		REG1A	https://www.sinobiological.com/search?keywords=11234-H08H-B
30073-H27H-B	ROBO1 (Biotinylated, HPLC-verified)	Human	HEK293 Cells	Met1-Pro897	C-AVI & His	No	Yes	30073-H27H-B		ROBO1 (Biotinylated, HPLC-verified)		C-AVI & His	Human		ROBO1	https://www.sinobiological.com/search?keywords=30073-H27H-B
13968-HCCH1-B	ROR1 (Amine-Labeled Biotinylated, HPLC-verified)	Human	HEK293 Cells	Met1-Glu403	No tag	Binding activity	Yes	13968-HCCH1-B		ROR1 (Amine-Labeled Biotinylated, HPLC-verified)		No tag	Human		ROR1	https://www.sinobiological.com/search?keywords=13968-HCCH1-B
16133-H27H-B	ROR2 (Biotinylated, HPLC-verified)	Human	HEK293 Cells	Met1-Gly403	C-AVI & His	No	Yes	16133-H27H-B		ROR2 (Biotinylated, HPLC-verified)		C-AVI & His	Human		ROR2	https://www.sinobiological.com/search?keywords=16133-H27H-B
11370-H08H-B	RP105/CD180 (Biotinylated)	Human	HEK293 Cells	Met1-Gly626	C-His	No	Yes	11370-H08H-B		RP105/CD180 (Biotinylated)		C-His	Human		RP105/CD180	https://www.sinobiological.com/search?keywords=11370-H08H-B
11049-VNAS-B	RSV Fusion (Amine-Labeled Biotinylated, Prefusion)	"RSV
subtype A, strain A2"	CHO Cells		No tag	Binding activity	Yes	11049-VNAS-B		RSV Fusion (Amine-Labeled Biotinylated, Prefusion)		No tag	"RSV
subtype A, strain A2"		RSV Fusion	https://www.sinobiological.com/search?keywords=11049-VNAS-B
13029-V49H-B	RSV Glycoprotein G (Avi-tag Biotinylated)	"RSV
B1"	HEK293 Cells	His67-Ala299	C-His-AVI	No	Yes	13029-V49H-B		RSV Glycoprotein G (Avi-tag Biotinylated)		C-His-AVI	"RSV
B1"		RSV Glycoprotein G	https://www.sinobiological.com/search?keywords=13029-V49H-B
14207-H49H-B	RTN4RL1 (Avi-tag Biotinylated, HPLC-verified)	Human	HEK293 Cells	Met1-Ala419	C-His-AVI	No	Yes	14207-H49H-B		RTN4RL1 (Avi-tag Biotinylated, HPLC-verified)		C-His-AVI	Human		RTN4RL1	https://www.sinobiological.com/search?keywords=14207-H49H-B
10600-P07E-B	Recombinant Protein A, Biotinylated	other				No	No	10600-P07E-B		Recombinant Protein A, Biotinylated			other		Recombinant Protein A, Biotinylated	https://www.sinobiological.com/search?keywords=10600-P07E-B
10185-H08E-B	S100A4 (Biotinylated)	Human	E. coli	Met1-Lys101	C-His	No	Yes	10185-H08E-B		S100A4 (Biotinylated)		C-His	Human		S100A4	https://www.sinobiological.com/search?keywords=10185-H08E-B
10181-H07E-B	S100B (Biotinylated, HPLC-verified)	Human	E. coli	Ser2-Glu92	N-His	No	Yes	10181-H07E-B		S100B (Biotinylated, HPLC-verified)		N-His	Human		S100B	https://www.sinobiological.com/search?keywords=10181-H07E-B
12635-HNAE-B	S100P (Amine-Labeled Biotinylated)	Human	E. coli	Met1-Lys95	No tag	No	Yes	12635-HNAE-B		S100P (Amine-Labeled Biotinylated)		No tag	Human		S100P	https://www.sinobiological.com/search?keywords=12635-HNAE-B
13921-HNCB-B	SAE1 (Biotinylated)	Human	Baculovirus-Insect Cells	Met1-Lys346	No tag	No	Yes	13921-HNCB-B		SAE1 (Biotinylated)		No tag	Human		SAE1	https://www.sinobiological.com/search?keywords=13921-HNCB-B
50487-M08B-B	SCF (Amine-Labeled Biotinylated)	Mouse	Baculovirus-Insect Cells	Met1-Ala189	C-His	No	Yes	50487-M08B-B		SCF (Amine-Labeled Biotinylated)		C-His	Mouse		SCF	https://www.sinobiological.com/search?keywords=50487-M08B-B
12269-H08H-B	SECTM1 (Biotinylated)	Human	HEK293 Cells	Met1-Gly145	C-His	Binding activity	Yes	12269-H08H-B		SECTM1 (Biotinylated)		C-His	Human		SECTM1	https://www.sinobiological.com/search?keywords=12269-H08H-B
13436-H49H-B	SEZ6 (Avi-tag Biotinylated, HPLC-verified)	Human	HEK293 Cells	Leu20-His925	C-His-AVI	Binding activity	Yes	13436-H49H-B		SEZ6 (Avi-tag Biotinylated, HPLC-verified)		C-His-AVI	Human		SEZ6	https://www.sinobiological.com/search?keywords=13436-H49H-B
12165-H08H-B	SIGIRR (Amine-Labeled Biotinylated)	Human	HEK293 Cells	Met1-His118	C-His	No	Yes	12165-H08H-B		SIGIRR (Amine-Labeled Biotinylated)		C-His	Human		SIGIRR	https://www.sinobiological.com/search?keywords=12165-H08H-B
11612-H41H-B	SIRP alpha/SHPS-1 (Biotinylated, HPLC-verified)	Human	HEK293 Cells	Met1-Arg370	C-hFc & AVI	Binding activity	Yes	11612-H41H-B		SIRP alpha/SHPS-1 (Biotinylated, HPLC-verified)		C-hFc & AVI	Human		SIRP alpha/SHPS-1	https://www.sinobiological.com/search?keywords=11612-H41H-B
14161-H40E-B	SKP1 (Biotinylated, HPLC-verified)	Human	E. coli	Met1-Lys163	N-His & C-AVI	No	Yes	14161-H40E-B		SKP1 (Biotinylated, HPLC-verified)		N-His & C-AVI	Human		SKP1	https://www.sinobiological.com/search?keywords=14161-H40E-B
11691-H08H-B	SLAMF7/CRACC/CS1 (Amine-Labeled Biotinylated)	Human	HEK293 Cells	Met1-Met226	C-His	Binding activity	Yes	11691-H08H-B		SLAMF7/CRACC/CS1 (Amine-Labeled Biotinylated)		C-His	Human		SLAMF7/CRACC/CS1	https://www.sinobiological.com/search?keywords=11691-H08H-B
10593-H07H-B	SOST/Sclerostin (Amine-Labeled Biotinylated)	Human	HEK293 Cells	Gln24-Tyr213	N-His	Binding activity	Yes	10593-H07H-B		SOST/Sclerostin (Amine-Labeled Biotinylated)		N-His	Human		SOST/Sclerostin	https://www.sinobiological.com/search?keywords=10593-H07H-B
13653-H08H-B	STC2 (Biotinylated)	Human	HEK293 Cells	Met1-Arg302	C-His	No	Yes	13653-H08H-B		STC2 (Biotinylated)		C-His	Human		STC2	https://www.sinobiological.com/search?keywords=13653-H08H-B
30155-H41H-B	Siglec-11 (Avi-tag Biotinylated, HPLC-verified)	Human	HEK293 Cells	Met13-His543	C-hFc & AVI	No	Yes	30155-H41H-B		Siglec-11 (Avi-tag Biotinylated, HPLC-verified)		C-hFc & AVI	Human		Siglec-11	https://www.sinobiological.com/search?keywords=30155-H41H-B
11958-H08H-B	Siglec-2/CD22 (Amine-Labeled Biotinylated)	Human	HEK293 Cells	Met1-Arg687	C-His	Binding activity	Yes	11958-H08H-B		Siglec-2/CD22 (Amine-Labeled Biotinylated)		C-His	Human		Siglec-2/CD22	https://www.sinobiological.com/search?keywords=11958-H08H-B
12238-H08H-B	Siglec-3/CD33 (Amine-Labeled Biotinylated, HPLC-verified)	Human	HEK293 Cells	Met1-His259	C-His	Binding activity	Yes	12238-H08H-B		Siglec-3/CD33 (Amine-Labeled Biotinylated, HPLC-verified)		C-His	Human		Siglec-3/CD33	https://www.sinobiological.com/search?keywords=12238-H08H-B
12241-H49H-B	Siglec-6 (Avi-tag Biotinylated, HPLC-verified)	Human	HEK293 Cells	Gln27-Val331	C-His-AVI	No	Yes	12241-H49H-B		Siglec-6 (Avi-tag Biotinylated, HPLC-verified)		C-His-AVI	Human		Siglec-6	https://www.sinobiological.com/search?keywords=12241-H49H-B
14547-HNCB-B	Sorcin/SRI (Biotinylated)	Human	Baculovirus-Insect Cells	Met1-Val198	No tag	No	Yes	14547-HNCB-B		Sorcin/SRI (Biotinylated)		No tag	Human		Sorcin/SRI	https://www.sinobiological.com/search?keywords=14547-HNCB-B
11429-H49H-B	Syndecan-1/CD138 (Biotinylated)	Human	HEK293 Cells	Met1-Glu251	C-His-AVI	No	Yes	11429-H49H-B		Syndecan-1/CD138 (Biotinylated)		C-His-AVI	Human		Syndecan-1/CD138	https://www.sinobiological.com/search?keywords=11429-H49H-B
5A7678-M49H-B	TCCR/IL-27R alpha (Biotinylated, HPLC-verified)	Mouse	HEK293 Cells	Met1-Lys510	C-His-AVI	Binding activity	Yes	5A7678-M49H-B		TCCR/IL-27R alpha (Biotinylated, HPLC-verified)		C-His-AVI	Mouse		TCCR/IL-27R alpha	https://www.sinobiological.com/search?keywords=5A7678-M49H-B
10564-H08H-B	TFPI (Amine-Labeled Biotinylated)	Human	HEK293 Cells	Met1-Lys282	C-His	No	Yes	10564-H08H-B		TFPI (Amine-Labeled Biotinylated)		C-His	Human		TFPI	https://www.sinobiological.com/search?keywords=10564-H08H-B
10804-H08H-B	TGF beta 1 (Latent,Amine-Labeled Biotinylated)	Human	HEK293 Cells	Met1-Ser390	C-His	No	Yes	10804-H08H-B		TGF beta 1 (Latent,Amine-Labeled Biotinylated)		C-His	Human		TGF beta 1	https://www.sinobiological.com/search?keywords=10804-H08H-B
50153-M08H-B	TGF beta 2 (Amine-Labeled Biotinylated)	Mouse	HEK293 Cells	Met1-Ser414	C-His	No	Yes	50153-M08H-B		TGF beta 2 (Amine-Labeled Biotinylated)		C-His	Mouse		TGF beta 2	https://www.sinobiological.com/search?keywords=50153-M08H-B
10358-H03H-B	TGF-beta RII/TGFBR2 (Amine-Labeled Biotinylated)	Human	HEK293 Cells	Met1-Asp159	C-hFc & His	No	Yes	10358-H03H-B		TGF-beta RII/TGFBR2 (Amine-Labeled Biotinylated)		C-hFc & His	Human		TGF-beta RII/TGFBR2	https://www.sinobiological.com/search?keywords=10358-H03H-B
51087-M08H-B	TIE-2 (Amine-Labeled Biotinylated, HPLC-verified)	Mouse	HEK293 Cells	Met1-Lys744	C-His	No	Yes	51087-M08H-B		TIE-2 (Amine-Labeled Biotinylated, HPLC-verified)		C-His	Mouse		TIE-2	https://www.sinobiological.com/search?keywords=51087-M08H-B
10917-H02H-B	TIGIT (Amine-Labeled Biotinylated)	Human	HEK293 Cells	Met1-Pro141	C-hFc	Binding activity	Yes	10917-H02H-B		TIGIT (Amine-Labeled Biotinylated)		C-hFc	Human		TIGIT	https://www.sinobiological.com/search?keywords=10917-H02H-B
11051-H49H-B	TIM-1/HAVCR1 (Avi-tag Biotinylated, HPLC-verified)	Human	HEK293 Cells	Ser21-Gly290	C-His-AVI	No	Yes	11051-H49H-B		TIM-1/HAVCR1 (Avi-tag Biotinylated, HPLC-verified)		C-His-AVI	Human		TIM-1/HAVCR1	https://www.sinobiological.com/search?keywords=11051-H49H-B
10390-H08H-B	TIM-3/HAVCR2 (Amine-Labeled Biotinylated)	Human	HEK293 Cells	Met1-Arg200	C-His	Binding activity	Yes	10390-H08H-B		TIM-3/HAVCR2 (Amine-Labeled Biotinylated)		C-His	Human		TIM-3/HAVCR2	https://www.sinobiological.com/search?keywords=10390-H08H-B
80150-R07H-B	TL1A/TNFSF15 (Biotinylated, HPLC-verified)	Rat	HEK293 Cells	Val76-Ile252	N-His	Binding activity	Yes	80150-R07H-B		TL1A/TNFSF15 (Biotinylated, HPLC-verified)		N-His	Rat		TL1A/TNFSF15	https://www.sinobiological.com/search?keywords=80150-R07H-B
50349-MNAE-B	TNF-alpha (Amine-Labeled Biotinylated)	Mouse	E. coli	Leu80-Leu235	No tag	Binding activity	Yes	50349-MNAE-B		TNF-alpha (Amine-Labeled Biotinylated)		No tag	Mouse		TNF-alpha	https://www.sinobiological.com/search?keywords=50349-MNAE-B
10417-H27H-B	TNFR-2 / CD120b (Biotinylated, HPLC-verified)	Human	HEK293 Cells	Met1-Asp257	C-AVI & His	Binding activity	Yes	10417-H27H-B		TNFR-2 / CD120b (Biotinylated, HPLC-verified)		C-AVI & His	Human		TNFR-2 / CD120b	https://www.sinobiological.com/search?keywords=10417-H27H-B
10872-H27H-B	TNFR1/CD120a (Biotinylated, HPLC-verified)	Human	HEK293 Cells	Met1-Thr211	C-AVI & His	Binding activity	Yes	10872-H27H-B		TNFR1/CD120a (Biotinylated, HPLC-verified)		C-AVI & His	Human		TNFR1/CD120a	https://www.sinobiological.com/search?keywords=10872-H27H-B
17455-H07B-B	TOP1 (Biotinylated)	Human	Baculovirus-Insect Cells	Met1-Phe765	N-His	No	Yes	17455-H07B-B		TOP1 (Biotinylated)		N-His	Human		TOP1	https://www.sinobiological.com/search?keywords=17455-H07B-B
11084-H49H-B	TREM-2 (Biotinylated, HPLC-verified)	Human	HEK293 Cells	Met1-Ser174	C-His-AVI	Binding activity	Yes	11084-H49H-B		TREM-2 (Biotinylated, HPLC-verified)		C-His-AVI	Human		TREM-2	https://www.sinobiological.com/search?keywords=11084-H49H-B
59826-M56B-B	TRIM21 (Avi-tag Biotinylated)	Mouse	Baculovirus-Insect Cells	Met1-Met462	N-His & AVI	Binding activity	Yes	59826-M56B-B		TRIM21 (Avi-tag Biotinylated)		N-His & AVI	Mouse		TRIM21	https://www.sinobiological.com/search?keywords=59826-M56B-B
10428-H41H-B	TROP-2 (Biotinylated, HPLC-verified)	Human	HEK293 Cells	Met1-Thr274	C-hFc & AVI	No	Yes	10428-H41H-B		TROP-2 (Biotinylated, HPLC-verified)		C-hFc & AVI	Human		TROP-2	https://www.sinobiological.com/search?keywords=10428-H41H-B
16135-H49H-B	TSLP (Avi-tag Biotinylated, HPLC-verified)	Human	HEK293 Cells	Tyr29-Gln159	C-His-AVI	Binding activity	Yes	16135-H49H-B		TSLP (Avi-tag Biotinylated, HPLC-verified)		C-His-AVI	Human		TSLP	https://www.sinobiological.com/search?keywords=16135-H49H-B
91064-C44H-B	TSPAN8 (Avi-tag Biotinylated)	Cynomolgus	HEK293 Cells	Lys110-Ser205	N-AVI-His	No	Yes	91064-C44H-B		TSPAN8 (Avi-tag Biotinylated)		N-AVI-His	Cynomolgus		TSPAN8	https://www.sinobiological.com/search?keywords=91064-C44H-B
T08-54BN	Tau (Tau-441,Biotinylated)	Human	E. coli	Full Length	No tag	No	No	T08-54BN		Tau (Tau-441,Biotinylated)		No tag	Human		Tau	https://www.sinobiological.com/search?keywords=T08-54BN
12161-H08H-B	Tim4/TIMD4 (Amine-Labeled Biotinylated)	Human	HEK293 Cells	Met 1-Leu 315	C-His	No	Yes	12161-H08H-B		Tim4/TIMD4 (Amine-Labeled Biotinylated)		C-His	Human		Tim4/TIMD4	https://www.sinobiological.com/search?keywords=12161-H08H-B
13133-H41H-B	Tissue Factor (Biotinylated, HPLC-verified)	Human	HEK293 Cells	Met1-Glu251	C-hFc & AVI	No	Yes	13133-H41H-B		Tissue Factor (Biotinylated, HPLC-verified)		C-hFc & AVI	Human		Tissue Factor	https://www.sinobiological.com/search?keywords=13133-H41H-B
11020-H07H-B	Transferrin Receptor/TFR1/CD71 (Amine-Labeled Biotinylated)	Human	HEK293 Cells	Cys 89-Phe 760	N-His	No	Yes	11020-H07H-B		Transferrin Receptor/TFR1/CD71 (Amine-Labeled Biotinylated)		N-His	Human		Transferrin Receptor/TFR1/CD71	https://www.sinobiological.com/search?keywords=11020-H07H-B
11073-H41H-B	TrkA (Biotinylated, HPLC-verified)	Human	HEK293 Cells	Met1-Gly423	C-hFc & AVI	No	Yes	11073-H41H-B		TrkA (Biotinylated, HPLC-verified)		C-hFc & AVI	Human		TrkA	https://www.sinobiological.com/search?keywords=11073-H41H-B
10047-H08H-B	TrkB (Amine-Labeled Biotinylated)	Human	HEK293 Cells	Met1-His430	C-His	Binding activity	Yes	10047-H08H-B		TrkB (Amine-Labeled Biotinylated)		C-His	Human		TrkB	https://www.sinobiological.com/search?keywords=10047-H08H-B
13205-HNCE-B	UBC9/UBE2I (Biotinylated)	Human	E. coli	Met1-Ser158	No tag	No	Yes	13205-HNCE-B		UBC9/UBE2I (Biotinylated)		No tag	Human		UBC9/UBE2I	https://www.sinobiological.com/search?keywords=13205-HNCE-B
51243-MNCE-B	UBE2B (Biotinylated)	Mouse	E. coli	Met1-Ser152	No tag	No	Yes	51243-MNCE-B		UBE2B (Biotinylated)		No tag	Mouse		UBE2B	https://www.sinobiological.com/search?keywords=51243-MNCE-B
10679-H27H-B	ULBP1/NKG2DL1 (Biotinylated, HPLC-verified)	Human	HEK293 Cells	Met1-Gly216	C-AVI & His	Binding activity	Yes	10679-H27H-B		ULBP1/NKG2DL1 (Biotinylated, HPLC-verified)		C-AVI & His	Human		ULBP1/NKG2DL1	https://www.sinobiological.com/search?keywords=10679-H27H-B
12143-H27H-B	ULBP2/NKG2DL2 (Biotinylated, HPLC-verified)	Human	HEK293 Cells	Met1-Ser217	C-AVI & His	No	Yes	12143-H27H-B		ULBP2/NKG2DL2 (Biotinylated, HPLC-verified)		C-AVI & His	Human		ULBP2/NKG2DL2	https://www.sinobiological.com/search?keywords=12143-H27H-B
10113-H02H-B	VCAM-1/CD106 (Amine-Labeled Biotinylated, HPLC-verified)	Human	HEK293 Cells	Met 1-Pro 697	C-hFc	No	Yes	10113-H02H-B		VCAM-1/CD106 (Amine-Labeled Biotinylated, HPLC-verified)		C-hFc	Human		VCAM-1/CD106	https://www.sinobiological.com/search?keywords=10113-H02H-B
11066-H27H-B	VEGF-A (VEGF165,Biotinylated)	Human,Cynomolgus	HEK293 Cells	Ala27-Arg191	C-AVI & His	Binding activity	Yes	11066-H27H-B		VEGF-A (VEGF165,Biotinylated)		C-AVI & His	Human,Cynomolgus		VEGF-A	https://www.sinobiological.com/search?keywords=11066-H27H-B
51045-M49H-B	VEGFR1/FLT1 (Biotinylated)	Mouse	HEK293 Cells	Met1-Glu759	C-His-AVI	Binding activity	Yes	51045-M49H-B		VEGFR1/FLT1 (Biotinylated)		C-His-AVI	Mouse		VEGFR1/FLT1	https://www.sinobiological.com/search?keywords=51045-M49H-B
10012-H02H1-B	VEGFR2/KDR (Amine-Labeled Biotinylated)	Human	HEK293 Cells	Met1-Lys327	C-hFc	No	Yes	10012-H02H1-B		VEGFR2/KDR (Amine-Labeled Biotinylated)		C-hFc	Human		VEGFR2/KDR	https://www.sinobiological.com/search?keywords=10012-H02H1-B
10806-H27H-B	VEGFR3/FLT4 (Biotinylated, HPLC-verified)	Human	HEK293 Cells	Met1-Ile776	C-AVI & His	Binding activity	Yes	10806-H27H-B		VEGFR3/FLT4 (Biotinylated, HPLC-verified)		C-AVI & His	Human		VEGFR3/FLT4	https://www.sinobiological.com/search?keywords=10806-H27H-B
13482-H49H-B	VISTA/B7-H5 (Biotinylated, HPLC-verified)	Human	HEK293 Cells	Met1-Ala194	C-His-AVI	No	Yes	13482-H49H-B		VISTA/B7-H5 (Biotinylated, HPLC-verified)		C-His-AVI	Human		VISTA/B7-H5	https://www.sinobiological.com/search?keywords=13482-H49H-B
11543-H08H-B	VSIG2 (Amine-Labeled Biotinylated)	Human	HEK293 Cells	Met1-Ala243	C-His	No	Yes	11543-H08H-B		VSIG2 (Amine-Labeled Biotinylated)		C-His	Human		VSIG2	https://www.sinobiological.com/search?keywords=11543-H08H-B
12163-H02H-B	VSIG4 (Amine-Labeled Biotinylated)	Human	HEK293 Cells	Met1-Pro283	C-hFc	No	Yes	12163-H02H-B		VSIG4 (Amine-Labeled Biotinylated)		C-hFc	Human		VSIG4	https://www.sinobiological.com/search?keywords=12163-H02H-B
10973-H49E-B	Von Willebrand Factor/vWF (Avi-tag Biotinylated)	Human	E. coli	Asp1277-Ile1453	C-His-AVI	No	Yes	10973-H49E-B		Von Willebrand Factor/vWF (Avi-tag Biotinylated)		C-His-AVI	Human		Von Willebrand Factor/vWF	https://www.sinobiological.com/search?keywords=10973-H49E-B
40543-V08H-B	ZIKV Envelope (Amine-Labeled Biotinylated)	"ZIKV
strain Zika SPH2015"	HEK293 Cells	Val593-Lys699	C-His	No	Yes	40543-V08H-B		ZIKV Envelope (Amine-Labeled Biotinylated)		C-His	"ZIKV
strain Zika SPH2015"		ZIKV Envelope	https://www.sinobiological.com/search?keywords=40543-V08H-B
12093-H49E-B	alpha-Synuclein (Biotinylated)	Human	E. coli	Met1-Ala140	C-His-AVI	No	Yes	12093-H49E-B		alpha-Synuclein (Biotinylated)		C-His-AVI	Human		alpha-Synuclein	https://www.sinobiological.com/search?keywords=12093-H49E-B
11996-H49H-B	c-Kit (Biotinylated, HPLC-verified)	Human	HEK293 Cells	Met1-Thr516	C-His-AVI	Binding activity	Yes	11996-H49H-B		c-Kit (Biotinylated, HPLC-verified)		C-His-AVI	Human		c-Kit	https://www.sinobiological.com/search?keywords=11996-H49H-B
10692-H27H-B	c-MET/HGFR (Biotinylated, HPLC-verified)	Human	HEK293 Cells	Met1-Thr932	C-AVI & His	Binding activity	Yes	10692-H27H-B		c-MET/HGFR (Biotinylated, HPLC-verified)		C-AVI & His	Human		c-MET/HGFR	https://www.sinobiological.com/search?keywords=10692-H27H-B
10617-H49H-B	carbonic anhydrase XII/CA12 (Biotinylated, HPLC-verified)	Human	HEK293 Cells	Met1-Gln291	C-His-AVI	No	Yes	10617-H49H-B		carbonic anhydrase XII/CA12 (Biotinylated, HPLC-verified)		C-His-AVI	Human		carbonic anhydrase XII/CA12	https://www.sinobiological.com/search?keywords=10617-H49H-B
40907-V08H-B	gE/glycoprotein E (Biotinylated)	"VZV
strain Oka vaccine"	HEK293 Cells	Met1-Tyr538	C-His	No	Yes	40907-V08H-B		gE/glycoprotein E (Biotinylated)		C-His	"VZV
strain Oka vaccine"		gE/glycoprotein E	https://www.sinobiological.com/search?keywords=40907-V08H-B
